full_date,revenue,profit,orders,expected_revenue,expected_deviation,revenue_global_zscore,revenue_rolling_zscore,revenue_yoy_deviation,stl_zscore,anomaly_score,anomaly_level,anomaly_direction
2023-11-20,344258.71,85187.9,550,186744.875,84.3470724430858,3.173094924313484,3.7550206720796067,41.1108423548736,2.8954338020960466,5,Extreme Anomaly,Positive
2025-11-24,399166.97,96039.2,662,223605.715,78.51376025876618,4.125492020575457,2.5116442814524356,45.436045473657195,4.799719651129517,5,Extreme Anomaly,Positive
2023-12-22,344705.62,85142.67,581,257761.04,33.7306910307314,3.180846686731204,1.374737745188621,33.7306910307314,1.9029544909494713,4,Anomaly,Positive
2022-03-21,210854.89,56045.12,235,116530.28,80.94429190421582,0.859173288511237,3.75742256093741,144.01657121675748,4.460622673743514,4,Anomaly,Positive
2023-05-16,216884.74,54570.73,290,150855.93,43.76944943430463,0.9637625002417716,3.00730611140401,51.20150562399027,3.0759398285005415,4,Anomaly,Positive
2023-11-21,363806.41,92439.8,597,188466.37,93.0351871264884,3.512154525156784,3.3640525106008035,26.412845403636243,1.63263264409367,4,Anomaly,Positive
2023-12-18,370310.08,94823.98,607,230010.67,60.99691375187073,3.624962259786258,1.6587987305075778,60.99691375187073,2.3033036224790973,4,Anomaly,Positive
2024-11-20,350727.39,89161.25,586,205361.685,70.78521244116205,3.2852957489006753,3.429944812562838,-3.595049356057239,0.418591057036129,4,Anomaly,Positive
2025-11-20,364057.03,92781.25,627,209806.11,73.52069965931881,3.516501589883753,3.222180043478157,3.8005700096590727,-0.3826444053921902,4,Anomaly,Positive
2025-11-18,315237.68,78136.3,495,207193.325,52.14663889389293,2.669718115386527,3.0585890000964007,34.82691610542547,0.2109668661759235,4,Anomaly,Positive
2025-12-22,359016.99,89565.03,609,271284.39,32.33971552878511,3.429080872836004,0.8070590709763084,32.33971552878511,0.009446705977292733,4,Anomaly,Positive
2024-12-13,353828.68,88117.59,586,243139.88,45.524740737718545,3.3390883766522426,1.0853251504573882,45.524740737718545,1.822085528560037,4,Anomaly,Positive
2022-11-21,287792.28,69876.68,480,166168.01,73.19355271811946,2.1936709912243635,3.394280911065495,30.429147880528422,1.1609418611582485,4,Anomaly,Positive
2024-11-29,371854.59,91716.81,604,231357.96000000002,60.726948837204475,3.6517521605980408,1.732231759880423,29.495847216775616,1.575172153898815,3,Anomaly,Positive
2025-11-28,398200.5,101595.37,651,236893.44,68.09266647485046,4.108728363857428,1.9341743785915546,19.195255232581324,0.06893727373611695,3,Anomaly,Positive
2023-12-25,302487.22,76217.81,502,215898.63,40.10613221584591,2.4485582920738875,0.5309115274537468,40.10613221584591,-0.14571980332453302,3,Anomaly,Positive
2024-11-26,369431.79,101455.25,615,220397.515,67.62066940727529,3.609728106570039,2.1766033578052895,22.732139126801748,1.6775726641217932,3,Anomaly,Positive
2025-11-30,354159.41,92717.25,592,250913.93,41.14776728418386,3.3448249687723846,1.1666580737412493,11.828511941651032,-0.015041856880570113,3,Anomaly,Positive
2025-12-10,392364.78,100181.9,643,279014.075,40.62544335800981,4.007506384093402,1.583120726123529,4.436042260787596,-0.6281756441080534,3,Anomaly,Positive
2025-11-21,387062.16,93712.93,610,209806.11,84.4856472483094,3.9155311532159214,2.9778609495911876,13.379075077847705,0.5650109715030442,3,Anomaly,Positive
2022-12-12,274239.63,69428.23,454,171923.23,59.51284186552335,1.9585969876654297,0.7792465280888434,59.51284186552335,1.7166763432797996,3,Anomaly,Positive
2022-01-01,77833.67,19491.18,152,139278.39794175653,-44.11648098325449,-1.4481120574317095,-3.264870845668938,-25.342756795186556,-4.716555812475823,3,Anomaly,Negative
2022-06-05,184840.85,47751.71,284,134849.11,37.0723544263659,0.40795345094867624,2.575549246252718,77.5099039776095,3.1499800134618288,3,Anomaly,Positive
2023-12-10,292814.81,73956.69,467,221375.03,32.270929562381085,2.28078799307233,0.7204111630174733,32.270929562381085,0.08317060614735206,3,Anomaly,Positive
2023-12-11,336373.69,85742.88,534,245729.38,36.88786013296416,3.036327338672132,1.3534219318363392,25.965727901434065,0.22179473493392898,3,Anomaly,Positive
2024-11-25,353441.28,88624.87,629,214761.27000000002,64.57403143499756,3.332368829627954,2.1379712664834076,20.417265573791287,1.9562006076298535,3,Anomaly,Positive
2024-11-21,341387.65,84981.52,568,206326.145,65.46019894861121,3.1232956917901094,2.6832972493320817,-5.155933841675903,-0.05473090712712469,3,Anomaly,Positive
2024-12-16,310547.98,79939.52,529,212774.94,45.95138882426661,2.5883741306683845,0.27867762178321076,45.95138882426661,-0.3006555203225321,3,Anomaly,Positive
2024-12-12,358775.3,89674.81,606,253900.85499999998,41.305274454471615,3.4248887011264,1.2405821564138044,12.24006837730263,0.40694367005793475,3,Anomaly,Positive
2024-12-11,341987.63,86707.65,551,248451.465,37.64766088217673,3.133702490508831,1.0546715865874106,20.14995748926692,0.3456771198573077,3,Anomaly,Positive
2024-12-10,375698.63,95557.31,601,245922.36,52.771236417867826,3.7184279673694602,1.6898248313654654,11.69084894838238,0.19331250001046354,3,Anomaly,Positive
2023-12-31,297334.72,76603.15,513,214434.96,38.659629008254996,2.3591869290314267,0.3988850254072168,38.659629008254996,0.045868622224541016,3,Anomaly,Positive
2022-12-19,298775.02,75152.95,537,211584.2,41.20856850369734,2.3841692821008222,0.939510578058829,41.20856850369734,1.5491248801168804,3,Anomaly,Positive
2022-12-02,259835.21,67715.73,408,193813.37,34.064646830092265,1.7087488267268403,0.6894443251337529,34.064646830092265,2.063625023829584,3,Anomaly,Positive
2023-09-05,248063.02,61474.83,411,160486.08,54.56980443412912,1.5045573339961609,3.0204328381923253,54.56980443412912,2.19646344099934,3,Anomaly,Positive
2022-08-04,93999.49,23191.05,174,146713.66,-35.92996725730924,-1.1677119859908416,-2.197581941060462,-35.92996725730924,-3.0221197206894868,3,Anomaly,Negative
2022-04-28,185794.81,46940.21,293,130056.02,42.857524011575926,0.424500118680454,3.3357752118729342,42.857524011575926,2.7170888385138454,3,Anomaly,Positive
2023-11-27,301006.56,77594.49,539,210081.26,43.28101421326204,2.4228758850088807,1.2273282257795586,31.74514880946779,0.7450369667698687,3,Anomaly,Positive
2023-11-22,359946.24,89537.57,611,190786.865,88.66405714041163,3.4451989396205174,2.7325974178452164,29.169548295525487,1.3429954554995391,3,Anomaly,Positive
2025-11-27,388787.61,96669.98,717,233124.06,66.77283760414949,3.9454595022429206,2.012451309865662,6.332123876277311,-0.11992816982746898,3,Anomaly,Positive
2025-12-26,431333.32,107550.52,754,324723.75,32.83085083859743,4.6834251682903245,2.0680718476149647,17.955211165221318,1.6874938630851561,3,Anomaly,Positive
2025-11-26,336838.86,86461.75,548,228987.39500000002,47.09930212534186,3.044395825221663,1.4004271814265083,-8.822448658248927,-0.02948714994002532,3,Anomaly,Positive
2024-12-31,333041.87,85952.4,573,181205.9412083977,83.7919153086608,2.978536112119559,0.589567839295616,108.39025749730489,2.599764292464866,3,Anomaly,Positive
2024-11-27,365635.14,92679.4,624,222153.55,64.58667439705556,3.5438742908504555,1.90180431922971,10.880928602819868,0.03323015651139084,3,Anomaly,Positive
2021-11-01,185573.68,46808.66,306,132709.40897208423,39.834606632176246,0.4206645651608849,3.1343911302880394,,-0.4153029760540413,2,Warning,Positive
2021-09-07,202962.9,51210.4,313,134869.9173981761,50.48789523670661,0.7222848065282247,3.063839066308273,,1.0534014213024379,2,Warning,Positive
2021-09-10,188483.79,47358.04,329,137712.4878075635,36.867609467184444,0.47114112941192743,1.9898408332462596,,5.062864655235997,2,Warning,Positive
2021-11-26,286674.26,71799.55,489,155598.74162758834,84.23944628429527,2.1742786629742454,2.3149874117499367,,0.5635126247429824,2,Warning,Positive
2021-11-25,267820.98,66545.61,463,154400.06563638255,73.45911019929717,1.8472639455708169,2.207540046544288,,-0.056704816516272245,2,Warning,Positive
2021-11-23,261094.83,66674.61,438,153193.78264001792,70.43435151251086,1.7305972413441217,2.567632869472706,,-0.05523304610279236,2,Warning,Positive
2021-11-02,205044.05,51674.01,318,133286.4147294911,53.83717118968442,0.7583828583857339,3.274765948298306,,1.246867549959685,2,Warning,Positive
2022-11-24,289876.76,71253.72,513,171105.53,69.41402186124552,2.2298268027400834,2.2975266049787573,19.661246074371277,0.8282745382258478,2,Warning,Positive
2022-11-23,271630.94,66220.63,486,168736.41999999998,60.97943763415156,1.913348626470818,2.180787005097217,4.0353575748704085,0.061523692114161324,2,Warning,Positive
2022-11-26,271175.33,70491.41,435,178915.995,51.5657278154477,1.9054459604415557,1.4944478876999205,-5.406460280040486,-0.6410339936229364,2,Warning,Positive
2022-11-25,299558.23,74169.67,477,174116.44,72.04477072928897,2.3977542496405566,2.2103534167980454,11.850173201516924,1.5246856785805736,2,Warning,Positive
2022-11-29,318700.01,80027.41,535,190896.81,66.94884005657298,2.7297730695646547,1.9823888671715746,1.626722667761656,-0.2134827019562216,2,Warning,Positive
2022-11-28,309289.53,77789.13,498,185184.66999999998,67.01681084076779,2.5665460099850694,2.0159525050054032,19.081383657784947,0.5402705736774702,2,Warning,Positive
2022-08-22,184099.69,45449.67,282,132642.25,38.79415495439801,0.3950978508647266,2.913525370025538,59.46799274501701,2.194682081738155,2,Warning,Positive
2022-08-10,164850.08,40467.5,253,125562.83499999999,31.28891204152885,0.06120869341964505,2.4983992410759104,42.03549998324179,1.9625418083742212,2,Warning,Positive
2022-03-07,142964.51,32113.45,205,109435.42499999999,30.638237115632368,-0.3184018299886391,1.9967258368420515,50.59705487549433,1.6527745655516155,2,Warning,Positive
2021-12-20,258558.22,67637.49,429,185191.12615824805,39.61695971277743,1.686599125243756,0.6441536565403801,,-1.1554479559779356,2,Warning,Positive
2021-11-28,259729.54,67796.75,439,158267.02377887975,64.10843762556438,1.7069159549301016,1.5642938577040288,,-1.0666307793421237,2,Warning,Positive
2021-11-29,313598.63,79587.8,486,160542.12395921192,95.33728735249218,2.641288395329323,2.462378112870078,,0.8893256640837546,2,Warning,Positive
2021-12-17,259420.62,69277.71,477,184906.30283170473,40.29841926811743,1.7015576625533761,0.7066489797650926,,-0.02708402498100301,2,Warning,Positive
2021-12-16,273184.75,69255.6,464,183616.8327792084,48.779796419042526,1.9402998380397662,1.0827354457908243,,0.44269071195347715,2,Warning,Positive
2021-12-15,268227.57,67916.26,459,181127.94047442562,48.08735156897146,1.8543163478026337,1.0325933927309412,,-1.7958968929764474,2,Warning,Positive
2021-12-14,267419.37,66059.21,444,177559.9817946686,50.60790573252329,1.8402979226476763,1.084296075487712,,-0.008186010716819622,2,Warning,Positive
2021-12-24,268205.0,69977.28,466,193021.34993368026,38.950950292365015,1.85392486567476,0.8170119822431855,,0.21500171649448024,2,Warning,Positive
2021-12-23,259130.42,65729.14,440,191750.44745060123,35.13940824923353,1.6965240731201068,0.6254598248546953,,2.2957115996552426,2,Warning,Positive
2021-12-10,275185.91,70392.84,463,171553.07322921418,60.408615724604765,1.9750104439332252,1.4320513260444028,,-0.6993799654462522,2,Warning,Positive
2021-12-13,273975.91,72200.89,456,174893.44223582416,56.653049135241005,1.9540227002590134,1.3001116333701561,,0.5968362157721039,2,Warning,Positive
2023-12-15,334654.13,83295.45,563,276679.275,20.953811954292554,3.006501153124671,1.1570259227851762,12.418252548443128,1.0768793461563018,2,Warning,Positive
2023-11-29,332456.15,84117.41,566,215431.69,54.32091258254531,2.9683766565618246,1.5232837830099515,4.316328700460352,-0.745090244978943,2,Warning,Positive
2023-11-30,287155.61,70843.63,510,216404.11,32.69415724128345,2.182627795550759,0.7244943155250347,-11.365397782872588,-0.4659845664582688,2,Warning,Positive
2023-12-05,252649.8,64513.82,446,190357.74,32.72368121201691,1.5841161463350055,0.0828043893495467,32.72368121201691,0.7772566486590458,2,Warning,Positive
2023-11-28,329754.76,85513.97,531,213376.485,54.54128415321868,2.92152039136837,1.5885004730664274,6.6168518539893615,-0.48802074353654346,2,Warning,Positive
2023-11-24,300777.73,74579.35,486,202732.21,48.36208316379523,2.4189067731204754,1.4574985581867272,3.7605532778826327,-0.265457307995133,2,Warning,Positive
2023-11-25,268831.39,69729.28,479,205767.03499999997,30.64842480720979,1.8647897522533468,0.853410543755397,-10.257384682771017,-0.45749568263448703,2,Warning,Positive
2023-11-26,293513.79,73047.89,506,207969.125,41.13334851988245,2.292911970818942,1.1906800905119002,8.237644626448859,-0.019530100729982975,2,Warning,Positive
2023-11-23,280425.53,72388.28,531,197340.97999999998,42.10202564110103,2.06589292452023,1.22105110406007,3.237698179743451,-0.42570294477954745,2,Warning,Positive
2023-03-01,166441.98,43043.65,265,123687.695,34.56632044117242,0.08882058528326373,2.8493384449906136,60.08232542491426,2.6725384256929052,2,Warning,Positive
2023-08-21,189391.24,47095.22,309,144278.195,31.268096332921257,0.4868810699054509,2.2201447544623165,50.704840307945446,0.8804319045708818,2,Warning,Positive
2023-05-25,200945.75,49896.96,299,152349.75,31.89765654357818,0.6872968502038969,2.0453075372453258,56.71688992244241,2.403356152224342,2,Warning,Positive
2023-08-26,127009.12,31866.85,223,161871.28588901865,-21.536967287033644,-0.5951519420068919,-0.8442931523758145,-36.67693972152319,-3.342762739839705,2,Warning,Negative
2023-08-28,206400.24,50771.63,307,151720.52000000002,36.03976574823232,0.7819063030911303,2.4416533522901105,63.81313355985129,2.4152602781101113,2,Warning,Positive
2023-09-14,220997.3,52681.91,348,164648.02,34.224086023020504,1.0350958515845958,1.5517208425322921,34.224086023020504,0.20034037996987497,2,Warning,Positive
2023-11-13,238808.96,59551.28,383,164654.33286585956,45.0365476835357,1.3440434172806415,1.9356034341587074,60.755300771105105,2.1615519355294994,2,Warning,Positive
2022-11-30,323976.87,81743.03,566,198817.615,62.95179378346331,2.8213014869900284,1.888079089892194,25.871144901551634,2.333574928043485,2,Warning,Positive
2022-12-07,234824.39,57936.6,369,176470.14,33.06749232476383,1.2749300835517534,0.24622294132131278,33.06749232476383,1.73056935447772,2,Warning,Positive
2023-02-11,84861.24,20298.06,157,127920.28,-33.660839391533536,-1.3262171501485835,-2.05708152300488,-33.660839391533536,-2.8331598999345604,2,Warning,Negative
2023-04-20,188556.09,46928.52,276,134361.43,40.33498303791498,0.4723951904595682,2.799563287105418,62.951785545610726,2.3781019132544965,2,Warning,Positive
2022-09-08,187248.15,45961.33,320,143920.565,30.105207688699657,0.44970865371473434,1.446194879118589,30.44532768085561,0.5433615649337881,2,Warning,Positive
2022-11-01,202007.9,51474.51,347,150986.97616548394,33.791605826052425,0.7057200997440326,3.001763236652405,8.85590025482062,0.12544844326028026,2,Warning,Positive
2022-11-04,204288.79,50628.89,336,151102.63627260723,35.198693443996966,0.7452826903796307,2.2383839334079925,30.675628150571672,2.029943760283046,2,Warning,Positive
2022-09-06,196530.72,50017.56,315,140341.4,40.03759403853746,0.6107170832998008,2.189966396944887,40.03759403853746,1.08885280906303,2,Warning,Positive
2022-11-07,209162.41,53193.51,335,152340.665,37.2991315221054,0.829816812136253,2.1021543219799197,35.26418862372472,2.3596039957089485,2,Warning,Positive
2022-11-22,278661.84,70880.87,482,167225.20500000002,66.6386595250399,2.035301293412155,2.668626931446671,19.78629468308577,0.36320943812266376,2,Warning,Positive
2024-11-22,315446.65,78903.63,581,206454.34999999998,52.7924454001575,2.673342750754792,1.9514244720048295,12.488563362971977,0.8150698362662149,2,Warning,Positive
2024-09-09,233086.04,56535.75,400,176502.16495927155,32.05845948336405,1.2447779808938473,1.7000638826374084,37.55126614347238,0.44977866101418773,2,Warning,Positive
2024-11-24,274462.2,69446.84,479,208603.115,31.571477252389073,1.9624575183344954,0.966719628320922,2.0945507888792294,0.12476294510234776,2,Warning,Positive
2024-11-23,317020.9,81422.82,532,206697.565,53.37427898582163,2.70064849908465,1.7997619307486006,5.400389849341587,0.21230701525797366,2,Warning,Positive
2024-02-13,163781.5,39610.04,258,124191.41,31.878283691279453,0.04267391396891017,2.2548351965030333,31.878283691279453,0.6171494338012019,2,Warning,Positive
2023-12-29,352724.13,91826.32,598,280463.13,25.764883961752833,3.3199296888213743,1.4645489949726993,25.764883961752833,1.7665978676934788,2,Warning,Positive
2024-12-25,344486.34,87429.89,556,307227.29,12.127519661420719,3.1770432219106417,0.7637899379578303,12.127519661420719,-0.23952367661113302,2,Warning,Positive
2024-12-24,337960.02,86796.5,541,302487.22,11.727040897793978,3.0638426175338784,0.6284757894775842,11.727040897793978,-0.11057380332413852,2,Warning,Positive
2024-12-23,347149.58,92242.13,561,286375.55,21.221794248845626,3.2232377660948632,0.847609818286609,21.221794248845626,1.0077524732072105,2,Warning,Positive
2024-12-19,378038.24,93829.48,644,305255.98,23.84302512271832,3.759009070656752,1.3682382168415093,23.84302512271832,1.079708988651127,2,Warning,Positive
2024-11-28,334074.12,81685.57,611,226736.34,47.34035135258865,2.9964407389027867,1.3190550198792468,0.48667170091453327,-0.950513682485829,2,Warning,Positive
2024-11-30,316698.67,79606.59,527,232871.24,35.99733054197676,2.6950593415275077,0.8761615840384438,16.035307856850725,-0.1451638188120929,2,Warning,Positive
2024-12-02,258199.08,64783.66,438,191582.39,34.77182323490169,1.6803697547783372,-0.03673422187090255,34.77182323490169,0.6386477285853496,2,Warning,Positive
2024-12-08,249602.63,62789.36,403,187694.65,32.983348220101114,1.5312622431186846,-0.26989425227170244,32.983348220101114,-1.0920370215247912,2,Warning,Positive
2024-09-06,231438.19,55888.26,372,167888.235,37.852536242340044,1.2161956227008304,1.8889548165658379,39.523860852676854,0.178020499939218,2,Warning,Positive
2024-08-14,192493.24,47341.22,302,146658.635,31.25257847926921,0.5406860127793398,2.7180232061156095,58.818415497591424,2.94467878099471,2,Warning,Positive
2024-03-05,170034.46,40871.83,267,130159.33499999999,30.635624406040492,0.15113302279957183,2.183365267083277,33.46843357711766,1.7407904788195347,2,Warning,Positive
2024-11-04,249192.13,63195.74,420,177508.18,40.38346289168196,1.524142020987888,2.702393084692733,40.38346289168196,1.628572147720866,2,Warning,Positive
2025-09-01,256457.74,69024.88,406,189552.8973301831,35.29613295927365,1.6501657898447402,2.916598612730993,30.638457150605774,0.3002318950338402,2,Warning,Positive
2024-12-26,365675.51,94113.94,621,313623.32499999995,16.59703882037475,3.544574518298495,1.1800553741878579,11.855330079900394,-0.4460314632368755,2,Warning,Positive
2024-12-30,341197.78,86397.12,564,297334.72,14.752081425270502,3.1200023505575287,0.8069116749616086,14.752081425270502,1.0952471709525973,2,Warning,Positive
2025-01-18,88773.86,23101.28,168,152205.34,-41.674937291950464,-1.258351806632389,-1.2345305480162934,-41.1196438334413,-0.15282451069386374,2,Warning,Negative
2025-11-23,319888.85,81367.82,541,221517.60499999998,44.40786771778252,2.7503937879032083,1.5395505300461554,0.9046564437864991,-0.14968854736087736,2,Warning,Positive
2025-11-22,295168.93,74033.99,524,215740.345,36.81675071021138,2.3216207758312852,1.228398312400069,-6.428256568900012,-0.05755908821370615,2,Warning,Positive
2025-11-10,257738.53,62060.19,453,191822.1461566723,34.36328138539851,1.6723814032501074,2.276095873627144,73.84236237564153,0.14327107089341667,2,Warning,Positive
2025-09-09,258880.46,63463.83,422,189814.17916821875,36.3862600436044,1.6921884562533245,1.7663676966883002,11.06648000026084,-0.49829311559039013,2,Warning,Positive
2025-03-06,199076.38,51857.88,318,149360.41,33.28590889647397,0.6548721738466559,2.7206941237183053,37.84623868467314,-0.13395721256295903,2,Warning,Positive
2025-04-17,209072.62,48989.3,316,163252.135,28.067311340216154,0.8282593827936847,2.297853101022563,48.769752820591364,4.896398435781878,2,Warning,Positive
2025-07-04,223355.57,54076.07,301,171033.46,30.591739183666178,1.0760006171007812,2.7642631538647797,48.96171902672234,0.09994584089858445,2,Warning,Positive
2025-11-29,325227.72,81506.27,584,242541.13,34.09178063943215,2.8429977838287788,0.8392369290740601,-12.539006174429648,-0.0382860731418922,2,Warning,Positive
2025-12-12,356528.11,90369.77,624,289864.685,22.998118932632302,3.385910645169993,0.8917410125578646,-0.6263502532086246,-0.42610787435296105,2,Warning,Positive
2025-12-11,359492.09,92304.4,577,283074.28500000003,26.995671825153593,3.437321597645606,1.0003625692372033,5.118448290074124,-0.5091605273528854,2,Warning,Positive
2025-12-17,363785.25,91768.0,565,314044.145,15.838889465683234,3.5117874998211263,0.906733686661554,13.662037193113719,-0.11213140004874063,2,Warning,Positive
2025-12-16,343406.4,83223.98,567,309754.89,10.86391565924916,3.158311400502767,0.563896077131758,10.580786904490585,0.042258628497111934,2,Warning,Positive
2025-12-19,361695.68,93436.8,604,322558.285,12.133433497143011,3.475543401020033,0.7961179795600666,-4.32299124025125,-0.07601875794747702,2,Warning,Positive
2025-12-24,360764.06,93432.1,612,322759.67000000004,11.774826142312003,3.459384226010306,0.9005040423014173,6.747555524467059,-0.05658370816164512,2,Warning,Positive
2025-12-25,392181.69,101379.82,656,324723.75,20.773947085792155,4.004330643606367,1.4707828878193028,13.845353055218379,0.20666593009378878,2,Warning,Positive
2025-12-29,339770.21,86097.38,595,312504.22,8.724998977613822,3.0952408024277807,0.40441974590392654,8.724998977613822,0.5925431883064898,2,Warning,Positive
