model,k,clusters,noise_points,noise_percent,silhouette_score,calinski_harabasz_score,davies_bouldin_score,aic,bic
GMM,2,2,0,0.0,0.31808764505327536,21069.51286516173,1.3281474913561573,121656.02499404708,122282.16816596934
GMM,3,3,0,0.0,0.2046343588394905,15205.538298485055,1.8112242658891653,14928.871596717501,15872.4958135581
GMM,4,4,0,0.0,0.13878455486583544,10152.758825510067,3.4992269442194748,-55855.0589316103,-54593.95366985137
GMM,5,5,0,0.0,0.07504954274245766,8852.976617684722,2.99365047267172,-102181.49164783792,-100602.90534116066
GMM,6,6,0,0.0,0.09094613145437479,7618.840115253221,5.537390674181619,-123850.75369117921,-121954.68633958361
GMM,7,7,0,0.0,0.06815135430014477,6996.479136560202,4.928351112559187,-138278.89992982207,-136065.35153330813
GMM,8,8,0,0.0,0.05309245264166175,6240.037163868917,5.655583982212312,-169080.87706492507,-166549.8476234928
GMM,9,9,0,0.0,0.06414895117634828,6017.471034388056,4.802889650729882,-181187.70223240164,-178339.19174605104
GMM,10,10,0,0.0,0.04961576370703847,6080.19891380012,4.733055593776487,-199632.76889959723,-196466.7773683283
