model,eps,min_samples,clusters,noise_points,noise_percent,silhouette_score,calinski_harabasz_score,davies_bouldin_score
DBSCAN,0.2,5,500,46010,92.09920531657225,0.3213967002764897,328.66909939930974,0.8541171152501922
DBSCAN,0.3,5,370,21471,42.978961907240226,-0.4809708488679024,61.2490635795758,0.9929712668324331
DBSCAN,0.4,5,111,9244,18.503913365494327,-0.37564228942517125,93.76671958576955,0.9472584353961704
DBSCAN,0.5,5,47,4551,9.109834457633564,-0.09579074192859556,172.49194203830524,0.9817344879606836
DBSCAN,0.6,5,31,2375,4.754088516123867,-0.24177327878157961,175.11329687184252,0.9154797597710833
DBSCAN,0.7,5,14,1514,3.0306063214364354,0.08952736548943002,171.10629571472833,0.768674658410445
DBSCAN,0.8,5,14,1028,2.057769681926457,0.08389229592840626,218.80545332393405,0.8389074952331811
DBSCAN,1.0,5,11,516,1.0328882839241749,0.33034071861694453,105.06341098118943,0.7748501978374613
DBSCAN,0.2,10,1,49947,99.97998278519526,,,
DBSCAN,0.3,10,115,33967,67.99247352723341,-0.43736932022529995,93.03422347642287,1.0483676160670672
DBSCAN,0.4,10,26,14602,29.22913705786977,-0.26538777052804746,206.4113718717988,1.177052348298338
DBSCAN,0.5,10,19,6974,13.960005604820145,-0.0894143327915711,255.61788323680906,1.1549274793821735
DBSCAN,0.6,10,10,3850,7.706627699821847,0.1913353426924825,349.5510021901755,1.1868278734172368
DBSCAN,0.7,10,6,2225,4.453830294052886,0.1519001775160409,262.2653368769787,0.8820301110190916
DBSCAN,0.8,10,3,1483,2.968552955541766,0.4071165694462287,866.8618842558659,0.7206784013675757
DBSCAN,1.0,10,3,782,1.5653461977300478,0.31717704868624175,127.01845145635305,0.5379752380893852
DBSCAN,0.2,20,0,49957,100.0,,,
DBSCAN,0.3,20,36,47050,94.18099565626439,-0.16570648466298055,113.68772045460561,1.1577164457112008
DBSCAN,0.4,20,4,23146,46.33184538703285,0.07426423807843284,431.68224825664515,1.103595197248765
DBSCAN,0.5,20,3,10783,21.58456272394259,0.14464858040919926,834.3450325451317,1.0053912145624342
DBSCAN,0.6,20,2,5851,11.712072382248733,0.32255417927650165,912.7588507104457,0.7764089051875291
DBSCAN,0.7,20,3,3425,6.855896070620735,0.39251226657259486,124.75286216125731,0.9831015244325219
DBSCAN,0.8,20,2,2115,4.233640931200833,0.40113256074440906,798.0305576750417,0.6507988266536734
DBSCAN,1.0,20,1,1046,2.0938006685749744,,,
DBSCAN,0.2,30,0,49957,100.0,,,
DBSCAN,0.3,30,1,49927,99.93994835558581,,,
DBSCAN,0.4,30,7,30266,60.584102328002075,-0.0805013284073097,235.81471986997195,1.1077674548358423
DBSCAN,0.5,30,5,14342,28.708689472946737,0.20735314823864334,212.76005571167528,0.9361752432363947
DBSCAN,0.6,30,2,7388,14.788718297736054,0.2864168854208286,103.9028351724837,0.6256531335509613
DBSCAN,0.7,30,1,4366,8.73951598374602,,,
DBSCAN,0.8,30,2,2719,5.44268070540665,0.38103363325415507,166.8054145607104,0.5555874603172798
DBSCAN,1.0,30,1,1272,2.5461897231619193,,,
