model,k,clusters,noise_points,noise_percent,silhouette_score,calinski_harabasz_score,davies_bouldin_score,inertia,aic,bic,eps,min_samples
K-Means,2.0,2,0,0.0,0.3161638722976135,28442.221799762465,1.2055368361576537,222829.74032470395,,,,
K-Means,3.0,3,0,0.0,0.22989007513078516,22165.535046948313,1.395967406872673,185277.36620189325,,,,
K-Means,4.0,4,0,0.0,0.20121578933068449,18177.142787837758,1.5232476330819569,167188.2045316999,,,,
K-Means,5.0,5,0,0.0,0.1866164647796042,16101.537342529573,1.4936199683932947,152750.64284430566,,,,
K-Means,6.0,6,0,0.0,0.18001806357085098,14627.66361329379,1.505480471384094,141912.0861310712,,,,
K-Means,7.0,7,0,0.0,0.17862403711758398,13611.497833796566,1.4356141961105016,132712.67638284617,,,,
K-Means,8.0,8,0,0.0,0.1677547248996662,12692.66281862145,1.4198317832905634,125846.27321539493,,,,
K-Means,9.0,9,0,0.0,0.167215157453264,11963.098440018946,1.3926267711659284,119920.74661100112,,,,
K-Means,10.0,10,0,0.0,0.16855483757237166,11432.248787638175,1.3888114958862772,114281.3854921898,,,,
GMM,2.0,2,0,0.0,0.31808764505327536,21069.51286516173,1.3281474913561573,,121656.02499404708,122282.16816596934,,
GMM,3.0,3,0,0.0,0.2046343588394905,15205.538298485055,1.8112242658891653,,14928.871596717501,15872.4958135581,,
GMM,4.0,4,0,0.0,0.13878455486583544,10152.758825510067,3.4992269442194748,,-55855.0589316103,-54593.95366985137,,
GMM,5.0,5,0,0.0,0.07504954274245766,8852.976617684722,2.99365047267172,,-102181.49164783792,-100602.90534116066,,
GMM,6.0,6,0,0.0,0.09094613145437479,7618.840115253221,5.537390674181619,,-123850.75369117921,-121954.68633958361,,
GMM,7.0,7,0,0.0,0.06815135430014477,6996.479136560202,4.928351112559187,,-138278.89992982207,-136065.35153330813,,
GMM,8.0,8,0,0.0,0.05309245264166175,6240.037163868917,5.655583982212312,,-169080.87706492507,-166549.8476234928,,
GMM,9.0,9,0,0.0,0.06414895117634828,6017.471034388056,4.802889650729882,,-181187.70223240164,-178339.19174605104,,
GMM,10.0,10,0,0.0,0.04961576370703847,6080.19891380012,4.733055593776487,,-199632.76889959723,-196466.7773683283,,
DBSCAN,,500,46010,92.09920531657225,0.3213967002764897,328.66909939930974,0.8541171152501922,,,,0.2,5.0
DBSCAN,,370,21471,42.978961907240226,-0.4809708488679024,61.2490635795758,0.9929712668324331,,,,0.3,5.0
DBSCAN,,111,9244,18.503913365494327,-0.37564228942517125,93.76671958576955,0.9472584353961704,,,,0.4,5.0
DBSCAN,,47,4551,9.109834457633564,-0.09579074192859556,172.49194203830524,0.9817344879606836,,,,0.5,5.0
DBSCAN,,31,2375,4.754088516123867,-0.24177327878157961,175.11329687184252,0.9154797597710833,,,,0.6,5.0
DBSCAN,,14,1514,3.0306063214364354,0.08952736548943002,171.10629571472833,0.768674658410445,,,,0.7,5.0
DBSCAN,,14,1028,2.057769681926457,0.08389229592840626,218.80545332393405,0.8389074952331811,,,,0.8,5.0
DBSCAN,,11,516,1.0328882839241749,0.33034071861694453,105.06341098118943,0.7748501978374613,,,,1.0,5.0
DBSCAN,,1,49947,99.97998278519526,,,,,,,0.2,10.0
DBSCAN,,115,33967,67.99247352723341,-0.43736932022529995,93.03422347642287,1.0483676160670672,,,,0.3,10.0
DBSCAN,,26,14602,29.22913705786977,-0.26538777052804746,206.4113718717988,1.177052348298338,,,,0.4,10.0
DBSCAN,,19,6974,13.960005604820145,-0.0894143327915711,255.61788323680906,1.1549274793821735,,,,0.5,10.0
DBSCAN,,10,3850,7.706627699821847,0.1913353426924825,349.5510021901755,1.1868278734172368,,,,0.6,10.0
DBSCAN,,6,2225,4.453830294052886,0.1519001775160409,262.2653368769787,0.8820301110190916,,,,0.7,10.0
DBSCAN,,3,1483,2.968552955541766,0.4071165694462287,866.8618842558659,0.7206784013675757,,,,0.8,10.0
DBSCAN,,3,782,1.5653461977300478,0.31717704868624175,127.01845145635305,0.5379752380893852,,,,1.0,10.0
DBSCAN,,0,49957,100.0,,,,,,,0.2,20.0
DBSCAN,,36,47050,94.18099565626439,-0.16570648466298055,113.68772045460561,1.1577164457112008,,,,0.3,20.0
DBSCAN,,4,23146,46.33184538703285,0.07426423807843284,431.68224825664515,1.103595197248765,,,,0.4,20.0
DBSCAN,,3,10783,21.58456272394259,0.14464858040919926,834.3450325451317,1.0053912145624342,,,,0.5,20.0
DBSCAN,,2,5851,11.712072382248733,0.32255417927650165,912.7588507104457,0.7764089051875291,,,,0.6,20.0
DBSCAN,,3,3425,6.855896070620735,0.39251226657259486,124.75286216125731,0.9831015244325219,,,,0.7,20.0
DBSCAN,,2,2115,4.233640931200833,0.40113256074440906,798.0305576750417,0.6507988266536734,,,,0.8,20.0
DBSCAN,,1,1046,2.0938006685749744,,,,,,,1.0,20.0
DBSCAN,,0,49957,100.0,,,,,,,0.2,30.0
DBSCAN,,1,49927,99.93994835558581,,,,,,,0.3,30.0
DBSCAN,,7,30266,60.584102328002075,-0.0805013284073097,235.81471986997195,1.1077674548358423,,,,0.4,30.0
DBSCAN,,5,14342,28.708689472946737,0.20735314823864334,212.76005571167528,0.9361752432363947,,,,0.5,30.0
DBSCAN,,2,7388,14.788718297736054,0.2864168854208286,103.9028351724837,0.6256531335509613,,,,0.6,30.0
DBSCAN,,1,4366,8.73951598374602,,,,,,,0.7,30.0
DBSCAN,,2,2719,5.44268070540665,0.38103363325415507,166.8054145607104,0.5555874603172798,,,,0.8,30.0
DBSCAN,,1,1272,2.5461897231619193,,,,,,,1.0,30.0
