support,itemsets,itemset_size
0.0029669528950938594,4280,1
0.00267710132325294,1546,1
0.0026730756069773716,2471,1
0.0025643812675370265,9880,1
0.00250802123967907,6646,1
0.0024556869280966814,4895,1
0.002202066802735877,7067,1
0.0021980410864603085,9486,1
0.0020973981795711,9609,1
0.0020651924493665535,3772,1
0.0019283180959972304,9898,1
0.0019081895146193886,2343,1
0.0019081895146193886,8273,1
0.0019081895146193886,1350,1
0.001888060933241547,2075,1
0.001888060933241547,741,1
0.0018840352169659787,3932,1
0.0018800095006904103,6715,1
0.001875983784414842,3597,1
0.001875983784414842,5284,1
0.0018679323518637054,3962,1
0.001851829486761432,4841,1
0.0018437780542102955,2772,1
0.0017994951751790437,3446,1
0.0017954694589034754,1742,1
0.0017713151612500655,8110,1
0.0017511865798722239,6988,1
0.0017511865798722239,668,1
0.0017471608635966553,1777,1
0.0017230065659432454,2972,1
0.0017109294171165404,4949,1
0.0017109294171165404,8109,1
0.0017028779845654038,912,1
0.0016948265520142672,5775,1
0.0016908008357386988,3811,1
0.0016827494031875622,439,1
0.0016626208218097204,8016,1
0.0016505436729830154,160,1
0.001646517956707447,6608,1
0.001646517956707447,7675,1
0.0016384665241563105,209,1
0.0016304150916051738,1286,1
0.0016102865102273322,3585,1
0.001606260793951764,4076,1
0.001606260793951764,9327,1
0.001594183645125059,2666,1
0.0015861322125739223,4119,1
0.0015660036311960805,8075,1
0.0015660036311960805,1841,1
0.0015660036311960805,8929,1
0.0015619779149205122,1873,1
0.0015539264823693755,2766,1
0.0015539264823693755,3702,1
0.0015458750498182389,574,1
0.0015378236172671022,4918,1
0.001509643603338124,8076,1
0.0015056178870625557,7397,1
0.0015056178870625557,8659,1
0.0015056178870625557,42,1
0.0015015921707869874,9724,1
0.0014895150219602822,3139,1
0.0014854893056847139,7578,1
0.0014814635894091455,5877,1
0.0014774378731335772,7357,1
0.001473412156858009,2387,1
0.0014693864405824406,533,1
0.0014653607243068723,2611,1
0.001461335008031304,9717,1
0.0014573092917557356,9805,1
0.0014532835754801673,1351,1
0.0014452321429290307,8388,1
0.0014412064266534623,1968,1
0.001425103561551189,5587,1
0.001425103561551189,1245,1
0.0014210778452756207,994,1
0.0014210778452756207,198,1
0.0014170521290000524,8784,1
0.001413026412724484,7714,1
0.0014090006964489158,1461,1
0.0013969235476222106,2890,1
0.0013928978313466423,4487,1
0.0013928978313466423,4698,1
0.001388872115071074,6673,1
0.0013848463987955056,7117,1
0.0013848463987955056,9758,1
0.0013808206825199373,6497,1
0.001376794966244369,4239,1
0.0013727692499688007,4694,1
0.001364717817417664,7489,1
0.001364717817417664,2152,1
0.0013606921011420957,2268,1
0.0013606921011420957,8112,1
0.0013606921011420957,4950,1
0.0013606921011420957,71,1
0.0013606921011420957,2352,1
0.0013566663848665274,1863,1
0.001352640668590959,3902,1
0.001352640668590959,1442,1
0.0013486149523153908,2166,1
0.0013365378034886858,9314,1
0.0013325120872131175,8474,1
0.0013325120872131175,9891,1
0.0013284863709375492,2069,1
0.0013284863709375492,2302,1
0.0013284863709375492,118,1
0.0013244606546619808,9376,1
0.0013244606546619808,3862,1
0.0013204349383864123,1004,1
0.0013204349383864123,6917,1
0.0013204349383864123,4551,1
0.0013204349383864123,4914,1
0.001316409222110844,6384,1
0.0013083577895597073,4769,1
0.001304332073284139,4835,1
0.0013003063570085707,9030,1
0.0012962806407330024,5482,1
0.001292254924457434,4357,1
0.0012882292081818657,5702,1
0.0012882292081818657,5011,1
0.0012842034919062974,3295,1
0.0012842034919062974,6578,1
0.001280177775630729,8459,1
0.001280177775630729,2135,1
0.0012761520593551608,451,1
0.0012761520593551608,2823,1
0.0012721263430795925,8486,1
0.0012721263430795925,3779,1
0.0012721263430795925,347,1
0.0012681006268040241,1515,1
0.0012681006268040241,9693,1
0.0012681006268040241,3689,1
0.0012681006268040241,1274,1
0.0012600491942528875,2803,1
0.0012600491942528875,9088,1
0.0012600491942528875,82,1
0.0012519977617017509,8280,1
0.0012479720454261825,689,1
0.0012479720454261825,2138,1
0.0012439463291506142,8553,1
0.0012358948965994774,1470,1
0.0012358948965994774,595,1
0.001231869180323909,2852,1
0.0012278434640483407,3587,1
0.0012278434640483407,17,1
0.0012238177477727724,3119,1
0.001219792031497204,88,1
0.0012157663152216358,108,1
0.0012157663152216358,8658,1
0.0012157663152216358,1023,1
0.0012117405989460674,6476,1
0.0012077148826704991,1893,1
0.0012077148826704991,9344,1
0.0012077148826704991,8424,1
0.0012036891663949308,8078,1
0.0011996634501193625,7334,1
0.0011956377338437942,8231,1
0.0011956377338437942,5759,1
0.0011916120175682258,603,1
0.0011916120175682258,5714,1
0.0011916120175682258,7339,1
0.0011875863012926575,9144,1
0.0011835605850170892,2709,1
0.0011795348687415209,2532,1
0.0011795348687415209,9141,1
0.0011755091524659526,8160,1
0.0011755091524659526,7212,1
0.0011714834361903842,7663,1
0.0011714834361903842,6155,1
0.0011714834361903842,3209,1
0.001167457719914816,9440,1
0.001167457719914816,3280,1
0.001167457719914816,6137,1
0.001167457719914816,7139,1
0.001167457719914816,9834,1
0.001167457719914816,5763,1
0.001155380571088111,8122,1
0.001155380571088111,2862,1
0.001155380571088111,9952,1
0.0011513548548125424,5931,1
0.0011513548548125424,3327,1
0.001147329138536974,6392,1
0.0011433034222614058,5522,1
0.0011433034222614058,3400,1
0.0011392777059858375,3124,1
0.0011392777059858375,6452,1
0.0011392777059858375,1549,1
0.0011392777059858375,5210,1
0.0011352519897102691,4908,1
0.0011352519897102691,3757,1
0.0011352519897102691,6005,1
0.0011352519897102691,1803,1
0.0011352519897102691,8469,1
0.0011272005571591325,1116,1
0.0011272005571591325,6244,1
0.0011272005571591325,7684,1
0.0011231748408835642,2575,1
0.0011191491246079959,9838,1
0.0011191491246079959,9029,1
0.0011151234083324275,4382,1
0.0011151234083324275,1789,1
0.0011151234083324275,5197,1
0.0011151234083324275,9481,1
0.0011151234083324275,4237,1
0.0011110976920568592,1484,1
0.0011070719757812909,3844,1
0.0011030462595057226,32,1
0.0010990205432301543,1966,1
0.0010990205432301543,5596,1
0.0010990205432301543,510,1
0.001094994826954586,4427,1
0.001094994826954586,3588,1
0.001094994826954586,4887,1
0.001094994826954586,8416,1
0.0010909691106790176,3563,1
0.0010869433944034493,1918,1
0.001082917678127881,7559,1
0.001082917678127881,20,1
0.001082917678127881,4297,1
0.001070840529301176,2927,1
0.0010668148130256077,7299,1
0.0010668148130256077,9420,1
0.0010668148130256077,3977,1
0.0010668148130256077,2778,1
0.0010668148130256077,7102,1
0.0010627890967500392,8882,1
0.0010627890967500392,7449,1
0.0010627890967500392,2529,1
0.0010627890967500392,6769,1
0.0010587633804744708,7519,1
0.0010587633804744708,5463,1
0.0010587633804744708,3070,1
0.0010547376641989025,5445,1
0.0010547376641989025,4855,1
0.0010547376641989025,9698,1
0.0010507119479233342,3949,1
0.0010507119479233342,8507,1
0.0010507119479233342,8734,1
0.0010507119479233342,4874,1
0.0010466862316477659,9937,1
0.0010466862316477659,9195,1
0.0010426605153721976,4443,1
0.0010426605153721976,331,1
0.0010426605153721976,3285,1
0.0010426605153721976,2640,1
0.0010426605153721976,755,1
0.0010386347990966292,4082,1
0.0010386347990966292,225,1
0.0010386347990966292,2411,1
0.0010386347990966292,4531,1
0.001034609082821061,1474,1
0.001034609082821061,9357,1
0.001034609082821061,8752,1
0.001034609082821061,9297,1
0.0010305833665454926,1301,1
0.0010305833665454926,7225,1
0.0010305833665454926,3069,1
0.0010305833665454926,8138,1
0.0010265576502699243,2459,1
0.0010265576502699243,9785,1
0.0010265576502699243,4847,1
0.0010265576502699243,4893,1
0.0010265576502699243,9155,1
0.0010265576502699243,7429,1
0.001022531933994356,4362,1
0.001022531933994356,4009,1
0.0010185062177187876,8979,1
0.0010185062177187876,2373,1
0.0010185062177187876,4923,1
0.0010144805014432193,1806,1
0.0010144805014432193,2160,1
0.001010454785167651,1209,1
0.001010454785167651,9484,1
0.001010454785167651,8711,1
0.001010454785167651,8012,1
0.0010064290688920827,9885,1
0.0010064290688920827,2889,1
0.0010064290688920827,8400,1
0.0010024033526165143,6180,1
0.0010024033526165143,5854,1
0.0010024033526165143,3022,1
0.0010024033526165143,1894,1
0.0010024033526165143,2812,1
0.0010024033526165143,1197,1
0.0010024033526165143,166,1
0.000998377636340946,7040,1
0.000998377636340946,3415,1
0.000998377636340946,7330,1
0.000998377636340946,7186,1
0.000998377636340946,12,1
0.000998377636340946,866,1
0.0009943519200653777,4406,1
0.0009943519200653777,2030,1
0.0009943519200653777,4891,1
0.0009943519200653777,2740,1
0.0009943519200653777,7456,1
0.0009903262037898094,8717,1
0.0009903262037898094,1256,1
0.0009903262037898094,4789,1
0.0009903262037898094,1419,1
0.0009903262037898094,4717,1
0.000986300487514241,6206,1
0.000986300487514241,6193,1
0.0009822747712386727,9498,1
0.0009822747712386727,167,1
0.0009822747712386727,1252,1
0.0009822747712386727,9551,1
0.0009822747712386727,2987,1
0.0009822747712386727,4171,1
0.0009782490549631042,4886,1
0.0009782490549631042,2538,1
0.0009782490549631042,3595,1
0.0009782490549631042,3759,1
0.0009782490549631042,6127,1
0.000974223338687536,9499,1
0.000974223338687536,2821,1
0.000974223338687536,7766,1
0.000974223338687536,8683,1
0.0009701976224119677,2659,1
0.0009661719061363994,805,1
0.0009661719061363994,7453,1
0.000962146189860831,1602,1
0.000962146189860831,3874,1
0.000962146189860831,9860,1
0.000962146189860831,8271,1
0.0009581204735852626,5491,1
0.0009581204735852626,7688,1
0.0009581204735852626,3805,1
0.0009581204735852626,2452,1
0.0009581204735852626,9807,1
0.0009581204735852626,6473,1
0.0009581204735852626,8855,1
0.0009540947573096943,8118,1
0.0009540947573096943,9751,1
0.000950069041034126,1180,1
0.000950069041034126,9517,1
0.000950069041034126,5977,1
0.000950069041034126,1421,1
0.000950069041034126,3470,1
0.000950069041034126,5368,1
0.000950069041034126,3217,1
0.000950069041034126,5922,1
0.000950069041034126,7577,1
0.000950069041034126,6306,1
0.000950069041034126,5397,1
0.0009460433247585576,9146,1
0.0009460433247585576,5825,1
0.0009460433247585576,8301,1
0.0009460433247585576,2983,1
0.0009460433247585576,8994,1
0.0009460433247585576,9927,1
0.0009460433247585576,9829,1
0.0009460433247585576,8748,1
0.0009420176084829893,6261,1
0.0009420176084829893,5271,1
0.0009420176084829893,5679,1
0.0009420176084829893,43,1
0.0009420176084829893,6282,1
0.0009420176084829893,7470,1
0.000937991892207421,2011,1
0.000937991892207421,6569,1
0.000937991892207421,9412,1
0.000937991892207421,5008,1
0.0009339661759318527,9049,1
0.0009299404596562844,7170,1
0.0009299404596562844,3115,1
0.0009299404596562844,6527,1
0.0009299404596562844,1683,1
0.000925914743380716,8115,1
0.000925914743380716,7406,1
0.000925914743380716,7738,1
0.0009218890271051477,8095,1
0.0009218890271051477,6179,1
0.0009218890271051477,2068,1
0.0009218890271051477,5630,1
0.0009178633108295794,4625,1
0.0009178633108295794,9065,1
0.0009178633108295794,4671,1
0.0009178633108295794,4048,1
0.000913837594554011,7689,1
0.000913837594554011,2875,1
0.000913837594554011,459,1
0.000913837594554011,2907,1
0.000913837594554011,2908,1
0.000913837594554011,7401,1
0.0009098118782784427,9220,1
0.0009057861620028743,4403,1
0.0009057861620028743,6976,1
0.0009057861620028743,3382,1
0.0009057861620028743,3480,1
0.0009057861620028743,845,1
0.0009057861620028743,2780,1
0.000901760445727306,1326,1
0.000901760445727306,7697,1
0.000901760445727306,8527,1
0.000901760445727306,9474,1
0.000901760445727306,3674,1
0.000901760445727306,3225,1
0.000901760445727306,1037,1
0.000901760445727306,8964,1
0.000901760445727306,4509,1
0.0008977347294517377,7853,1
0.0008977347294517377,1986,1
0.0008977347294517377,6642,1
0.0008977347294517377,9618,1
0.0008977347294517377,812,1
0.0008977347294517377,7011,1
0.0008977347294517377,488,1
0.0008977347294517377,2089,1
0.0008937090131761694,921,1
0.0008937090131761694,3774,1
0.0008937090131761694,8316,1
0.0008937090131761694,1696,1
0.0008937090131761694,4092,1
0.0008937090131761694,3370,1
0.0008896832969006011,5476,1
0.0008896832969006011,8611,1
0.0008896832969006011,3676,1
0.0008896832969006011,8744,1
0.0008896832969006011,5497,1
0.0008896832969006011,3511,1
0.0008896832969006011,592,1
0.0008856575806250327,5894,1
0.0008856575806250327,1090,1
0.0008856575806250327,9896,1
0.0008856575806250327,3521,1
0.0008856575806250327,7961,1
0.0008856575806250327,218,1
0.0008856575806250327,804,1
0.0008856575806250327,9365,1
0.0008816318643494644,2159,1
0.0008816318643494644,3214,1
0.0008816318643494644,5683,1
0.0008816318643494644,4044,1
0.0008776061480738961,8816,1
0.0008776061480738961,7529,1
0.0008776061480738961,9575,1
0.0008776061480738961,1187,1
0.0008735804317983277,3326,1
0.0008735804317983277,7644,1
0.0008735804317983277,1974,1
0.0008735804317983277,7937,1
0.0008735804317983277,6010,1
0.0008735804317983277,4896,1
0.0008735804317983277,1433,1
0.0008735804317983277,9411,1
0.0008695547155227593,9969,1
0.0008695547155227593,3186,1
0.0008695547155227593,8168,1
0.0008695547155227593,3496,1
0.0008695547155227593,6273,1
0.0008695547155227593,1263,1
0.000865528999247191,4585,1
0.000865528999247191,7774,1
0.000865528999247191,3822,1
0.000865528999247191,8971,1
0.000865528999247191,7474,1
0.000865528999247191,9853,1
0.0008615032829716227,6929,1
0.0008615032829716227,7231,1
0.0008615032829716227,3801,1
0.0008615032829716227,3897,1
0.0008615032829716227,2259,1
0.0008615032829716227,4691,1
0.0008615032829716227,8549,1
0.0008615032829716227,784,1
0.0008615032829716227,6192,1
0.0008615032829716227,5395,1
0.0008574775666960544,3800,1
0.0008574775666960544,8378,1
0.0008574775666960544,5603,1
0.0008574775666960544,1428,1
0.0008574775666960544,5588,1
0.0008534518504204861,5561,1
0.0008534518504204861,1177,1
0.0008534518504204861,6388,1
0.0008534518504204861,8884,1
0.0008534518504204861,8675,1
0.0008534518504204861,3803,1
0.0008534518504204861,6765,1
0.0008534518504204861,180,1
0.0008534518504204861,5727,1
0.0008494261341449177,1530,1
0.0008494261341449177,5648,1
0.0008494261341449177,6724,1
0.0008494261341449177,8598,1
0.0008494261341449177,390,1
0.0008494261341449177,2498,1
0.0008454004178693494,1483,1
0.0008454004178693494,1715,1
0.0008454004178693494,9590,1
0.0008454004178693494,8440,1
0.0008454004178693494,298,1
0.0008454004178693494,903,1
0.0008454004178693494,5649,1
0.0008454004178693494,6366,1
0.0008413747015937811,2060,1
0.0008413747015937811,8919,1
0.0008413747015937811,3817,1
0.0008413747015937811,2173,1
0.0008413747015937811,1767,1
0.0008413747015937811,6222,1
0.0008413747015937811,7732,1
0.0008373489853182128,2051,1
0.0008373489853182128,4093,1
0.0008373489853182128,3555,1
0.0008373489853182128,3978,1
0.0008373489853182128,7319,1
0.0008373489853182128,3056,1
0.0008373489853182128,818,1
0.0008373489853182128,5685,1
0.0008373489853182128,1491,1
0.0008373489853182128,4798,1
0.0008373489853182128,5291,1
0.0008373489853182128,8514,1
0.0008333232690426445,5102,1
0.0008333232690426445,5153,1
0.0008333232690426445,3880,1
0.0008333232690426445,9556,1
0.0008333232690426445,4702,1
0.0008333232690426445,4790,1
0.0008333232690426445,1827,1
0.0008333232690426445,3226,1
0.0008333232690426445,9347,1
0.000829297552767076,9707,1
0.000829297552767076,115,1
0.000829297552767076,2790,1
0.000829297552767076,909,1
0.000829297552767076,8060,1
0.000829297552767076,4919,1
0.000829297552767076,2460,1
0.000829297552767076,8403,1
0.0008252718364915077,7513,1
0.0008252718364915077,1957,1
0.0008252718364915077,257,1
0.0008252718364915077,3720,1
0.0008252718364915077,8732,1
0.0008252718364915077,6532,1
0.0008252718364915077,572,1
0.0008252718364915077,7856,1
0.0008252718364915077,3506,1
0.0008252718364915077,2291,1
0.0008252718364915077,4043,1
0.0008252718364915077,5718,1
0.0008212461202159394,1825,1
0.0008212461202159394,5240,1
0.0008212461202159394,5144,1
0.0008212461202159394,8703,1
0.0008212461202159394,7775,1
0.0008212461202159394,3270,1
0.0008212461202159394,681,1
0.0008212461202159394,6504,1
0.0008212461202159394,4634,1
0.0008172204039403711,5989,1
0.0008172204039403711,4270,1
0.0008172204039403711,3401,1
0.0008172204039403711,6573,1
0.0008172204039403711,5952,1
0.0008172204039403711,2240,1
0.0008172204039403711,3269,1
0.0008172204039403711,4482,1
0.0008172204039403711,751,1
0.0008131946876648028,4586,1
0.0008131946876648028,4837,1
0.0008131946876648028,7003,1
0.0008131946876648028,1472,1
0.0008131946876648028,9006,1
0.0008131946876648028,949,1
0.0008131946876648028,8563,1
0.0008091689713892344,7683,1
0.0008091689713892344,2289,1
0.0008091689713892344,8969,1
0.0008091689713892344,4220,1
0.0008091689713892344,8201,1
0.0008091689713892344,6749,1
0.0008091689713892344,922,1
0.0008051432551136661,2988,1
0.0008051432551136661,8529,1
0.0008051432551136661,1712,1
0.0008051432551136661,6948,1
0.0008051432551136661,1135,1
0.0008051432551136661,5842,1
0.0008051432551136661,9343,1
0.0008011175388380978,5985,1
0.0008011175388380978,5353,1
0.0008011175388380978,7912,1
0.0008011175388380978,5219,1
0.0007970918225625295,9104,1
0.0007970918225625295,7249,1
0.0007930661062869612,4852,1
0.0007930661062869612,4624,1
0.0007930661062869612,9032,1
0.0007930661062869612,6639,1
0.0007930661062869612,6817,1
0.0007930661062869612,1113,1
0.0007930661062869612,3005,1
0.0007890403900113927,3091,1
0.0007890403900113927,2256,1
0.0007890403900113927,6401,1
0.0007890403900113927,5580,1
0.0007890403900113927,7256,1
0.0007890403900113927,8534,1
0.0007850146737358244,7485,1
0.0007850146737358244,3500,1
0.0007850146737358244,2966,1
0.0007850146737358244,5802,1
0.0007850146737358244,8685,1
0.0007850146737358244,3344,1
0.0007850146737358244,1089,1
0.0007850146737358244,4484,1
0.0007850146737358244,2757,1
0.0007850146737358244,2566,1
0.0007850146737358244,7696,1
0.0007850146737358244,4211,1
0.0007850146737358244,8559,1
0.0007809889574602561,4581,1
0.0007809889574602561,7158,1
0.0007809889574602561,3603,1
0.0007809889574602561,3491,1
0.0007809889574602561,6692,1
0.0007809889574602561,2865,1
0.0007809889574602561,4771,1
0.0007809889574602561,8834,1
0.0007809889574602561,2697,1
0.0007769632411846878,5238,1
0.0007769632411846878,623,1
0.0007769632411846878,1882,1
0.0007769632411846878,1438,1
0.0007769632411846878,1962,1
0.0007769632411846878,984,1
0.0007769632411846878,1975,1
0.0007769632411846878,2970,1
0.0007769632411846878,400,1
0.0007769632411846878,6913,1
0.0007769632411846878,5908,1
0.0007729375249091194,4669,1
0.0007729375249091194,6241,1
0.0007729375249091194,907,1
0.0007729375249091194,8208,1
0.0007729375249091194,464,1
0.0007729375249091194,158,1
0.0007729375249091194,8665,1
0.0007729375249091194,5165,1
0.0007729375249091194,2200,1
0.0007729375249091194,9040,1
0.0007729375249091194,9035,1
0.0007729375249091194,9918,1
0.0007729375249091194,197,1
0.0007689118086335511,1283,1
0.0007689118086335511,7171,1
0.0007689118086335511,1967,1
0.0007689118086335511,8805,1
0.0007648860923579828,6599,1
0.0007648860923579828,4741,1
0.0007648860923579828,5431,1
0.0007648860923579828,9719,1
0.0007648860923579828,8737,1
0.0007648860923579828,3542,1
0.0007648860923579828,3330,1
0.0007648860923579828,853,1
0.0007648860923579828,1859,1
0.0007648860923579828,7289,1
0.0007648860923579828,6613,1
0.0007648860923579828,7931,1
0.0007608603760824145,9802,1
0.0007608603760824145,4396,1
0.0007608603760824145,9038,1
0.0007608603760824145,3916,1
0.0007608603760824145,2,1
0.0007608603760824145,7626,1
0.0007608603760824145,7936,1
0.0007608603760824145,2113,1
0.0007608603760824145,9145,1
0.0007568346598068462,9132,1
0.0007568346598068462,2156,1
0.0007568346598068462,9886,1
0.0007568346598068462,1787,1
0.0007568346598068462,2476,1
0.0007568346598068462,4154,1
0.0007568346598068462,6940,1
0.0007568346598068462,4956,1
0.0007528089435312778,4068,1
0.0007528089435312778,1613,1
0.0007528089435312778,1164,1
0.0007528089435312778,675,1
0.0007528089435312778,6986,1
0.0007528089435312778,2440,1
0.0007528089435312778,3081,1
0.0007487832272557095,4440,1
0.0007487832272557095,6304,1
0.0007487832272557095,4168,1
0.0007487832272557095,6516,1
0.0007487832272557095,5583,1
0.0007487832272557095,6985,1
0.0007487832272557095,142,1
0.0007487832272557095,3236,1
0.0007487832272557095,6767,1
0.0007487832272557095,7570,1
0.0007487832272557095,9982,1
0.0007447575109801411,8773,1
0.0007447575109801411,5502,1
0.0007447575109801411,2188,1
0.0007447575109801411,557,1
0.0007447575109801411,79,1
0.0007447575109801411,2186,1
0.0007447575109801411,9708,1
0.0007447575109801411,954,1
0.0007447575109801411,3846,1
0.0007447575109801411,8460,1
0.0007447575109801411,2799,1
0.0007447575109801411,7440,1
0.0007447575109801411,4982,1
0.0007447575109801411,6041,1
0.0007447575109801411,7300,1
0.0007447575109801411,481,1
0.0007447575109801411,5415,1
0.0007407317947045728,9221,1
0.0007407317947045728,3074,1
0.0007407317947045728,6214,1
0.0007407317947045728,5805,1
0.0007407317947045728,1881,1
0.0007407317947045728,5617,1
0.0007407317947045728,8709,1
0.0007407317947045728,1833,1
0.0007407317947045728,4188,1
0.0007407317947045728,7433,1
0.0007407317947045728,7193,1
0.0007367060784290045,1693,1
0.0007367060784290045,1259,1
0.0007367060784290045,6606,1
0.0007367060784290045,8292,1
0.0007367060784290045,3734,1
0.0007367060784290045,6813,1
0.0007367060784290045,290,1
0.0007367060784290045,3027,1
0.0007367060784290045,6998,1
0.0007367060784290045,9482,1
0.0007367060784290045,2723,1
0.0007367060784290045,530,1
0.0007367060784290045,4782,1
0.0007367060784290045,4638,1
0.0007367060784290045,7285,1
0.0007367060784290045,4819,1
0.0007367060784290045,9184,1
0.0007326803621534361,3583,1
0.0007326803621534361,2765,1
0.0007326803621534361,6815,1
0.0007326803621534361,9768,1
0.0007326803621534361,279,1
0.0007326803621534361,8171,1
0.0007326803621534361,6270,1
0.0007326803621534361,1886,1
0.0007326803621534361,7486,1
0.0007326803621534361,5569,1
0.0007326803621534361,7424,1
0.0007326803621534361,5773,1
0.0007286546458778678,3656,1
0.0007286546458778678,6668,1
0.0007286546458778678,2820,1
0.0007286546458778678,9988,1
0.0007286546458778678,5761,1
0.0007286546458778678,330,1
0.0007286546458778678,3746,1
0.0007286546458778678,8522,1
0.0007286546458778678,3259,1
0.0007286546458778678,6511,1
0.0007286546458778678,7314,1
0.0007286546458778678,1335,1
0.0007286546458778678,847,1
0.0007286546458778678,7463,1
0.0007286546458778678,6171,1
0.0007246289296022995,4632,1
0.0007246289296022995,9652,1
0.0007246289296022995,7261,1
0.0007246289296022995,104,1
0.0007246289296022995,9102,1
0.0007246289296022995,8324,1
0.0007246289296022995,5748,1
0.0007246289296022995,2736,1
0.0007246289296022995,4419,1
0.0007246289296022995,686,1
0.0007246289296022995,9209,1
0.0007246289296022995,6266,1
0.0007246289296022995,3990,1
0.0007206032133267312,8244,1
0.0007206032133267312,4687,1
0.0007206032133267312,2105,1
0.0007206032133267312,532,1
0.0007206032133267312,6973,1
0.0007206032133267312,306,1
0.0007206032133267312,3628,1
0.0007206032133267312,1420,1
0.0007206032133267312,1704,1
0.0007206032133267312,2548,1
0.0007206032133267312,8680,1
0.0007206032133267312,6656,1
0.0007206032133267312,7057,1
0.0007206032133267312,75,1
0.0007165774970511628,8468,1
0.0007165774970511628,2288,1
0.0007165774970511628,6892,1
0.0007165774970511628,6685,1
0.0007165774970511628,5296,1
0.0007165774970511628,7548,1
0.0007165774970511628,7206,1
0.0007165774970511628,4758,1
0.0007165774970511628,929,1
0.0007165774970511628,3096,1
0.0007165774970511628,7477,1
0.0007165774970511628,4472,1
0.0007125517807755945,4424,1
0.0007125517807755945,2096,1
0.0007125517807755945,1632,1
0.0007125517807755945,3884,1
0.0007125517807755945,7527,1
0.0007125517807755945,2072,1
0.0007125517807755945,2595,1
0.0007125517807755945,1320,1
0.0007125517807755945,3078,1
0.0007125517807755945,4461,1
0.0007125517807755945,4140,1
0.0007125517807755945,4712,1
0.0007125517807755945,3632,1
0.0007125517807755945,2707,1
0.0007085260645000262,2063,1
0.0007085260645000262,2893,1
0.0007085260645000262,5173,1
0.0007085260645000262,8099,1
0.0007085260645000262,9801,1
0.0007085260645000262,1105,1
0.0007085260645000262,8164,1
0.0007085260645000262,830,1
0.0007085260645000262,930,1
0.0007045003482244579,1868,1
0.0007045003482244579,7315,1
0.0007045003482244579,2049,1
0.0007045003482244579,6072,1
0.0007045003482244579,2435,1
0.0007045003482244579,3384,1
0.0007045003482244579,8464,1
0.0007045003482244579,4578,1
0.0007045003482244579,8537,1
0.0007045003482244579,5485,1
0.0007045003482244579,3457,1
0.0007045003482244579,8789,1
0.0007045003482244579,3640,1
0.0007045003482244579,5864,1
0.0007045003482244579,309,1
0.0007045003482244579,5290,1
0.0007045003482244579,6221,1
0.0007045003482244579,8636,1
0.0007045003482244579,6410,1
0.0007045003482244579,2934,1
0.0007045003482244579,543,1
0.0007004746319488895,3388,1
0.0007004746319488895,73,1
0.0007004746319488895,7737,1
0.0007004746319488895,1088,1
0.0007004746319488895,5839,1
0.0007004746319488895,475,1
0.0007004746319488895,6932,1
0.0007004746319488895,273,1
0.0007004746319488895,3616,1
0.0007004746319488895,8885,1
0.0007004746319488895,3797,1
0.0007004746319488895,7595,1
0.0006964489156733211,5307,1
0.0006964489156733211,6445,1
0.0006964489156733211,7716,1
0.0006964489156733211,8877,1
0.0006964489156733211,642,1
0.0006964489156733211,3411,1
0.0006964489156733211,4762,1
0.0006964489156733211,3973,1
0.0006964489156733211,226,1
0.0006964489156733211,9238,1
0.0006964489156733211,8585,1
0.0006924231993977528,3138,1
0.0006924231993977528,3349,1
0.0006924231993977528,8525,1
0.0006924231993977528,6464,1
0.0006924231993977528,9928,1
0.0006924231993977528,5590,1
0.0006924231993977528,5824,1
0.0006924231993977528,3507,1
0.0006924231993977528,9876,1
0.0006924231993977528,529,1
0.0006924231993977528,1905,1
0.0006924231993977528,5160,1
0.0006924231993977528,3034,1
0.0006924231993977528,1597,1
0.0006924231993977528,2683,1
0.0006924231993977528,7772,1
0.0006924231993977528,2451,1
0.0006924231993977528,4951,1
0.0006924231993977528,6162,1
0.0006924231993977528,8214,1
0.0006924231993977528,5461,1
0.0006924231993977528,324,1
0.0006924231993977528,5253,1
0.0006924231993977528,5715,1
0.0006924231993977528,6339,1
0.0006883974831221845,3170,1
0.0006883974831221845,5346,1
0.0006883974831221845,3092,1
0.0006883974831221845,9527,1
0.0006883974831221845,1727,1
0.0006883974831221845,7373,1
0.0006883974831221845,2625,1
0.0006883974831221845,3558,1
0.0006883974831221845,492,1
0.0006883974831221845,8137,1
0.0006883974831221845,9270,1
0.0006883974831221845,9552,1
0.0006883974831221845,5956,1
0.0006883974831221845,677,1
0.0006843717668466162,1668,1
0.0006843717668466162,9470,1
0.0006843717668466162,217,1
0.0006843717668466162,2214,1
0.0006843717668466162,9616,1
0.0006843717668466162,9129,1
0.0006843717668466162,5065,1
0.0006843717668466162,5892,1
0.0006843717668466162,9767,1
0.0006843717668466162,3416,1
0.0006843717668466162,600,1
0.0006843717668466162,3786,1
0.0006843717668466162,1452,1
0.0006843717668466162,8046,1
0.0006843717668466162,446,1
0.0006843717668466162,9292,1
0.0006843717668466162,4787,1
0.0006843717668466162,1196,1
0.0006843717668466162,1585,1
0.0006843717668466162,5722,1
0.0006843717668466162,9248,1
0.0006843717668466162,2278,1
0.0006843717668466162,9197,1
0.0006843717668466162,6593,1
0.0006843717668466162,567,1
0.0006843717668466162,9268,1
0.0006843717668466162,9078,1
0.0006843717668466162,6398,1
0.0006803460505710479,4160,1
0.0006803460505710479,6285,1
0.0006803460505710479,8125,1
0.0006803460505710479,748,1
0.0006803460505710479,4456,1
0.0006803460505710479,8718,1
0.0006803460505710479,8716,1
0.0006803460505710479,7045,1
0.0006803460505710479,7962,1
0.0006803460505710479,8148,1
0.0006803460505710479,967,1
0.0006803460505710479,5878,1
0.0006763203342954795,8626,1
0.0006763203342954795,3169,1
0.0006763203342954795,4432,1
0.0006763203342954795,4113,1
0.0006763203342954795,2308,1
0.0006763203342954795,8666,1
0.0006763203342954795,1997,1
0.0006763203342954795,1104,1
0.0006763203342954795,5550,1
0.0006763203342954795,8873,1
0.0006763203342954795,1761,1
0.0006763203342954795,7276,1
0.0006763203342954795,3706,1
0.0006763203342954795,3837,1
0.0006763203342954795,3131,1
0.0006722946180199112,2044,1
0.0006722946180199112,6784,1
0.0006722946180199112,6862,1
0.0006722946180199112,3133,1
0.0006722946180199112,7622,1
0.0006722946180199112,2645,1
0.0006722946180199112,7211,1
0.0006722946180199112,4719,1
0.0006722946180199112,4996,1
0.0006722946180199112,9014,1
0.0006722946180199112,455,1
0.0006722946180199112,5205,1
0.0006722946180199112,9946,1
0.0006722946180199112,8593,1
0.0006722946180199112,291,1
0.0006722946180199112,4152,1
0.0006722946180199112,6708,1
0.0006682689017443429,6669,1
0.0006682689017443429,1640,1
0.0006682689017443429,8419,1
0.0006682689017443429,7317,1
0.0006682689017443429,3920,1
0.0006682689017443429,8912,1
0.0006682689017443429,1346,1
0.0006682689017443429,7203,1
0.0006682689017443429,5859,1
0.0006682689017443429,4388,1
0.0006682689017443429,5934,1
0.0006682689017443429,5899,1
0.0006682689017443429,8186,1
0.0006682689017443429,3093,1
0.0006682689017443429,5185,1
0.0006682689017443429,1616,1
0.0006682689017443429,9313,1
0.0006642431854687746,8849,1
0.0006642431854687746,3928,1
0.0006642431854687746,1663,1
0.0006642431854687746,4840,1
0.0006642431854687746,7331,1
0.0006642431854687746,6503,1
0.0006642431854687746,6900,1
0.0006642431854687746,1729,1
0.0006642431854687746,5218,1
0.0006642431854687746,1784,1
0.0006642431854687746,8156,1
0.0006642431854687746,499,1
0.0006642431854687746,2550,1
0.0006642431854687746,3037,1
0.0006642431854687746,7493,1
0.0006642431854687746,4833,1
0.0006642431854687746,7058,1
0.0006642431854687746,7164,1
0.0006642431854687746,6481,1
0.0006642431854687746,4714,1
0.0006642431854687746,4284,1
0.0006642431854687746,171,1
0.0006602174691932061,9041,1
0.0006602174691932061,6631,1
0.0006602174691932061,2646,1
0.0006602174691932061,8367,1
0.0006602174691932061,8296,1
0.0006602174691932061,2236,1
0.0006602174691932061,5167,1
0.0006602174691932061,6761,1
0.0006602174691932061,1304,1
0.0006602174691932061,5836,1
0.0006602174691932061,1971,1
0.0006602174691932061,5545,1
0.0006602174691932061,871,1
0.0006602174691932061,1996,1
0.0006602174691932061,9028,1
0.0006602174691932061,1510,1
0.0006602174691932061,4607,1
0.0006602174691932061,6513,1
0.0006602174691932061,353,1
0.0006561917529176378,7019,1
0.0006561917529176378,4215,1
0.0006561917529176378,7823,1
0.0006561917529176378,2265,1
0.0006561917529176378,8145,1
0.0006561917529176378,3998,1
0.0006561917529176378,5474,1
0.0006561917529176378,7099,1
0.0006561917529176378,5351,1
0.0006521660366420695,9858,1
0.0006521660366420695,2111,1
0.0006521660366420695,7566,1
0.0006521660366420695,9725,1
0.0006521660366420695,1877,1
0.0006521660366420695,2271,1
0.0006521660366420695,3110,1
0.0006521660366420695,2040,1
0.0006521660366420695,7013,1
0.0006521660366420695,9020,1
0.0006521660366420695,8741,1
0.0006521660366420695,21,1
0.0006521660366420695,7731,1
0.0006521660366420695,9700,1
0.0006521660366420695,9794,1
0.0006521660366420695,8993,1
0.0006481403203665012,4757,1
0.0006481403203665012,3420,1
0.0006481403203665012,7146,1
0.0006481403203665012,9156,1
0.0006481403203665012,836,1
0.0006481403203665012,2279,1
0.0006481403203665012,67,1
0.0006481403203665012,2038,1
0.0006481403203665012,2099,1
0.0006481403203665012,4530,1
0.0006481403203665012,8185,1
0.0006481403203665012,9565,1
0.0006481403203665012,8556,1
0.0006481403203665012,7442,1
0.0006481403203665012,3942,1
0.0006481403203665012,6101,1
0.0006481403203665012,6460,1
0.0006481403203665012,9137,1
0.0006481403203665012,7724,1
0.0006481403203665012,1307,1
0.0006481403203665012,4417,1
0.0006481403203665012,4268,1
0.0006481403203665012,4853,1
0.0006481403203665012,1572,1
0.0006481403203665012,8580,1
0.0006441146040909329,9696,1
0.0006441146040909329,4022,1
0.0006441146040909329,6195,1
0.0006441146040909329,6814,1
0.0006441146040909329,3461,1
0.0006441146040909329,5103,1
0.0006441146040909329,1219,1
0.0006441146040909329,1172,1
0.0006441146040909329,5402,1
0.0006441146040909329,3298,1
0.0006441146040909329,8226,1
0.0006441146040909329,2338,1
0.0006441146040909329,3789,1
0.0006441146040909329,4485,1
0.0006441146040909329,5631,1
0.0006441146040909329,144,1
0.0006441146040909329,1936,1
0.0006441146040909329,3847,1
0.0006441146040909329,4352,1
0.0006400888878153645,3926,1
0.0006400888878153645,4307,1
0.0006400888878153645,545,1
0.0006400888878153645,5350,1
0.0006400888878153645,1605,1
0.0006400888878153645,6915,1
0.0006400888878153645,547,1
0.0006400888878153645,9683,1
0.0006400888878153645,3535,1
0.0006400888878153645,6359,1
0.0006400888878153645,7220,1
0.0006400888878153645,2336,1
0.0006400888878153645,4809,1
0.0006400888878153645,5520,1
0.0006360631715397962,5731,1
0.0006360631715397962,1964,1
0.0006360631715397962,3126,1
0.0006360631715397962,2660,1
0.0006360631715397962,9842,1
0.0006360631715397962,6280,1
0.0006360631715397962,9532,1
0.0006360631715397962,6260,1
0.0006360631715397962,6310,1
0.0006360631715397962,3098,1
0.0006360631715397962,8998,1
0.0006360631715397962,19,1
0.0006360631715397962,3639,1
0.0006360631715397962,8144,1
0.0006360631715397962,9348,1
0.0006360631715397962,7802,1
0.0006360631715397962,5369,1
0.0006360631715397962,4628,1
0.0006360631715397962,8528,1
0.0006320374552642279,9285,1
0.0006320374552642279,8822,1
0.0006320374552642279,3182,1
0.0006320374552642279,4000,1
0.0006320374552642279,3625,1
0.0006320374552642279,3347,1
0.0006320374552642279,1734,1
0.0006320374552642279,6559,1
0.0006320374552642279,360,1
0.0006320374552642279,6824,1
0.0006320374552642279,3291,1
0.0006320374552642279,6441,1
0.0006320374552642279,699,1
0.0006320374552642279,3770,1
0.0006320374552642279,4422,1
0.0006320374552642279,2108,1
0.0006320374552642279,1912,1
0.0006320374552642279,9670,1
0.0006320374552642279,430,1
0.0006320374552642279,2868,1
0.0006320374552642279,8217,1
0.0006320374552642279,5326,1
0.0006280117389886596,9962,1
0.0006280117389886596,2690,1
0.0006280117389886596,6456,1
0.0006280117389886596,8461,1
0.0006280117389886596,8939,1
0.0006280117389886596,2679,1
0.0006280117389886596,6060,1
0.0006280117389886596,1732,1
0.0006280117389886596,9686,1
0.0006280117389886596,8868,1
0.0006239860227130913,3545,1
0.0006239860227130913,2789,1
0.0006239860227130913,2171,1
0.0006239860227130913,7864,1
0.0006239860227130913,810,1
0.0006239860227130913,78,1
0.0006239860227130913,8908,1
0.0006239860227130913,6735,1
0.0006239860227130913,3289,1
0.0006239860227130913,1897,1
0.0006239860227130913,5276,1
0.0006239860227130913,3518,1
0.0006239860227130913,3288,1
0.0006239860227130913,4668,1
0.0006239860227130913,8359,1
0.000619960306437523,6530,1
0.000619960306437523,5973,1
0.000619960306437523,7720,1
0.000619960306437523,1034,1
0.000619960306437523,626,1
0.000619960306437523,5005,1
0.000619960306437523,6043,1
0.000619960306437523,8764,1
0.000619960306437523,5653,1
0.000619960306437523,5804,1
0.000619960306437523,4590,1
0.000619960306437523,6536,1
0.000619960306437523,6556,1
0.000619960306437523,9502,1
0.000619960306437523,8494,1
0.000619960306437523,4335,1
0.000619960306437523,7273,1
0.000619960306437523,3181,1
0.000619960306437523,5760,1
0.000619960306437523,2848,1
0.000619960306437523,4351,1
0.000619960306437523,8434,1
0.000619960306437523,4898,1
0.0006159345901619545,7764,1
0.0006159345901619545,2375,1
0.0006159345901619545,8913,1
0.0006159345901619545,4954,1
0.0006159345901619545,3284,1
0.0006159345901619545,4087,1
0.0006159345901619545,381,1
0.0006159345901619545,1574,1
0.0006159345901619545,9553,1
0.0006159345901619545,9305,1
0.0006159345901619545,6895,1
0.0006159345901619545,4257,1
0.0006159345901619545,2093,1
0.0006119088738863862,252,1
0.0006119088738863862,6874,1
0.0006119088738863862,1288,1
0.0006119088738863862,4316,1
0.0006119088738863862,5194,1
0.0006119088738863862,8533,1
0.0006119088738863862,3591,1
0.0006119088738863862,1340,1
0.0006119088738863862,2294,1
0.0006119088738863862,7861,1
0.0006119088738863862,3694,1
0.0006119088738863862,759,1
0.0006119088738863862,136,1
0.0006119088738863862,8085,1
0.0006119088738863862,8707,1
0.0006078831576108179,5517,1
0.0006078831576108179,3052,1
0.0006078831576108179,9567,1
0.0006078831576108179,3784,1
0.0006078831576108179,3015,1
0.0006078831576108179,2183,1
0.0006078831576108179,8420,1
0.0006078831576108179,5827,1
0.0006078831576108179,5913,1
0.0006078831576108179,7234,1
0.0006078831576108179,3937,1
0.0006078831576108179,9691,1
0.0006078831576108179,819,1
0.0006038574413352496,3294,1
0.0006038574413352496,7911,1
0.0006038574413352496,4180,1
0.0006038574413352496,10,1
0.0006038574413352496,3621,1
0.0006038574413352496,7788,1
0.0006038574413352496,1205,1
0.0006038574413352496,3233,1
0.0006038574413352496,9753,1
0.0006038574413352496,4122,1
0.0006038574413352496,867,1
0.0006038574413352496,4421,1
0.0006038574413352496,5640,1
0.0006038574413352496,9877,1
0.0006038574413352496,368,1
0.0006038574413352496,5940,1
0.0006038574413352496,6347,1
0.0006038574413352496,8477,1
0.0006038574413352496,5177,1
0.0006038574413352496,2533,1
0.0006038574413352496,8615,1
0.0006038574413352496,1405,1
0.0006038574413352496,2008,1
0.0005998317250596812,3430,1
0.0005998317250596812,3683,1
0.0005998317250596812,6995,1
0.0005998317250596812,7192,1
0.0005998317250596812,2685,1
0.0005998317250596812,7409,1
0.0005998317250596812,3845,1
0.0005998317250596812,4003,1
0.0005998317250596812,2888,1
0.0005998317250596812,3953,1
0.0005998317250596812,5735,1
0.0005998317250596812,6337,1
0.0005998317250596812,6130,1
0.0005998317250596812,1908,1
0.0005998317250596812,6255,1
0.0005998317250596812,2561,1
0.0005998317250596812,5143,1
0.0005998317250596812,7540,1
0.0005998317250596812,937,1
0.0005998317250596812,3816,1
0.0005998317250596812,7162,1
0.0005998317250596812,2677,1
0.0005998317250596812,6738,1
0.0005998317250596812,2573,1
0.0005998317250596812,2486,1
0.0005998317250596812,7875,1
0.0005958060087841129,1359,1
0.0005958060087841129,8843,1
0.0005958060087841129,6220,1
0.0005958060087841129,6136,1
0.0005958060087841129,6772,1
0.0005958060087841129,4608,1
0.0005958060087841129,8116,1
0.0005958060087841129,5661,1
0.0005958060087841129,7849,1
0.0005958060087841129,9226,1
0.0005958060087841129,2252,1
0.0005958060087841129,8792,1
0.0005958060087841129,1797,1
0.0005958060087841129,283,1
0.0005958060087841129,8242,1
0.0005958060087841129,370,1
0.0005958060087841129,7925,1
0.0005958060087841129,9994,1
0.0005958060087841129,5451,1
0.0005958060087841129,5874,1
0.0005958060087841129,8800,1
0.0005958060087841129,6714,1
0.0005958060087841129,3055,1
0.0005917802925085446,5684,1
0.0005917802925085446,7219,1
0.0005917802925085446,4805,1
0.0005917802925085446,8811,1
0.0005917802925085446,6276,1
0.0005917802925085446,3903,1
0.0005917802925085446,8727,1
0.0005917802925085446,4014,1
0.0005917802925085446,9931,1
0.0005917802925085446,8473,1
0.0005917802925085446,862,1
0.0005917802925085446,9265,1
0.0005917802925085446,9878,1
0.0005917802925085446,6722,1
0.0005917802925085446,5717,1
0.0005917802925085446,5493,1
0.0005917802925085446,9204,1
0.0005917802925085446,3094,1
0.0005917802925085446,1984,1
0.0005917802925085446,4099,1
0.0005917802925085446,5156,1
0.0005917802925085446,4138,1
0.0005877545762329763,555,1
0.0005877545762329763,267,1
0.0005877545762329763,2716,1
0.0005877545762329763,5352,1
0.0005877545762329763,4064,1
0.0005877545762329763,2866,1
0.0005877545762329763,9172,1
0.0005877545762329763,3101,1
0.0005877545762329763,739,1
0.0005877545762329763,8270,1
0.0005877545762329763,5108,1
0.0005877545762329763,3042,1
0.0005877545762329763,1871,1
0.0005877545762329763,5377,1
0.0005877545762329763,5356,1
0.0005877545762329763,5299,1
0.0005877545762329763,1002,1
0.0005877545762329763,3386,1
0.0005877545762329763,5755,1
0.0005877545762329763,1162,1
0.0005877545762329763,1907,1
0.0005877545762329763,9290,1
0.0005877545762329763,9917,1
0.0005877545762329763,7328,1
0.0005877545762329763,3207,1
0.000583728859957408,3900,1
0.000583728859957408,8285,1
0.000583728859957408,9271,1
0.000583728859957408,3790,1
0.000583728859957408,9983,1
0.000583728859957408,8793,1
0.000583728859957408,6317,1
0.000583728859957408,5099,1
0.000583728859957408,3301,1
0.000583728859957408,2300,1
0.000583728859957408,4379,1
0.000583728859957408,2126,1
0.000583728859957408,5196,1
0.000583728859957408,7151,1
0.000583728859957408,4074,1
0.000583728859957408,562,1
0.000583728859957408,1079,1
0.000583728859957408,4773,1
0.000583728859957408,462,1
0.000583728859957408,1870,1
0.000583728859957408,2680,1
0.000583728859957408,4889,1
0.000583728859957408,5769,1
0.0005797031436818396,7907,1
0.0005797031436818396,5523,1
0.0005797031436818396,1480,1
0.0005797031436818396,9505,1
0.0005797031436818396,3956,1
0.0005797031436818396,8924,1
0.0005797031436818396,8989,1
0.0005797031436818396,1271,1
0.0005797031436818396,789,1
0.0005797031436818396,6274,1
0.0005797031436818396,2088,1
0.0005797031436818396,169,1
0.0005797031436818396,9408,1
0.0005797031436818396,7423,1
0.0005797031436818396,8233,1
0.0005797031436818396,2880,1
0.0005797031436818396,7271,1
0.0005797031436818396,8557,1
0.0005797031436818396,5856,1
0.0005797031436818396,6994,1
0.0005797031436818396,2777,1
0.0005756774274062712,1191,1
0.0005756774274062712,8267,1
0.0005756774274062712,4733,1
0.0005756774274062712,724,1
0.0005756774274062712,3794,1
0.0005756774274062712,435,1
0.0005756774274062712,7668,1
0.0005756774274062712,2669,1
0.0005756774274062712,1134,1
0.0005756774274062712,4320,1
0.0005756774274062712,757,1
0.0005756774274062712,1178,1
0.0005756774274062712,5088,1
0.0005756774274062712,5071,1
0.0005756774274062712,5101,1
0.0005756774274062712,9585,1
0.0005756774274062712,3617,1
0.0005756774274062712,3664,1
0.0005756774274062712,9583,1
0.0005756774274062712,3835,1
0.0005716517111307029,8687,1
0.0005716517111307029,4760,1
0.0005716517111307029,4,1
0.0005716517111307029,8174,1
0.0005716517111307029,2382,1
0.0005716517111307029,2184,1
0.0005716517111307029,1188,1
0.0005716517111307029,6582,1
0.0005716517111307029,7609,1
0.0005716517111307029,5061,1
0.0005716517111307029,1713,1
0.0005716517111307029,6240,1
0.0005716517111307029,9087,1
0.0005716517111307029,1287,1
0.0005716517111307029,2713,1
0.0005716517111307029,3353,1
0.0005716517111307029,3732,1
0.0005716517111307029,4633,1
0.0005716517111307029,7815,1
0.0005716517111307029,604,1
0.0005716517111307029,9759,1
0.0005716517111307029,5115,1
0.0005716517111307029,802,1
0.0005716517111307029,4047,1
0.0005716517111307029,613,1
0.0005716517111307029,1193,1
0.0005716517111307029,4970,1
0.0005716517111307029,1565,1
0.0005716517111307029,7064,1
0.0005716517111307029,1039,1
0.0005716517111307029,2058,1
0.0005676259948551346,4366,1
0.0005676259948551346,734,1
0.0005676259948551346,6021,1
0.0005676259948551346,925,1
0.0005676259948551346,2842,1
0.0005676259948551346,1239,1
0.0005676259948551346,3128,1
0.0005676259948551346,6219,1
0.0005676259948551346,856,1
0.0005676259948551346,2407,1
0.0005676259948551346,7391,1
0.0005676259948551346,9573,1
0.0005676259948551346,5954,1
0.0005676259948551346,2860,1
0.0005676259948551346,795,1
0.0005676259948551346,6640,1
0.0005676259948551346,6420,1
0.0005676259948551346,8202,1
0.0005676259948551346,1654,1
0.0005676259948551346,1636,1
0.0005676259948551346,8694,1
0.0005676259948551346,6935,1
0.0005676259948551346,1801,1
0.0005676259948551346,1930,1
0.0005676259948551346,469,1
0.0005676259948551346,7351,1
0.0005676259948551346,5149,1
0.0005676259948551346,5376,1
0.0005676259948551346,5207,1
0.0005676259948551346,7810,1
0.0005676259948551346,828,1
0.0005676259948551346,3153,1
0.0005636002785795662,4356,1
0.0005636002785795662,9403,1
0.0005636002785795662,5275,1
0.0005636002785795662,3913,1
0.0005636002785795662,9791,1
0.0005636002785795662,3297,1
0.0005636002785795662,5243,1
0.0005636002785795662,4675,1
0.0005636002785795662,4958,1
0.0005636002785795662,9274,1
0.0005636002785795662,6334,1
0.0005636002785795662,4793,1
0.0005636002785795662,3196,1
0.0005636002785795662,7209,1
0.0005636002785795662,985,1
0.0005636002785795662,4804,1
0.0005636002785795662,1947,1
0.0005636002785795662,4894,1
0.0005636002785795662,641,1
0.0005595745623039979,1763,1
0.0005595745623039979,9629,1
0.0005595745623039979,6391,1
0.0005595745623039979,8959,1
0.0005595745623039979,5535,1
0.0005595745623039979,4544,1
0.0005595745623039979,429,1
0.0005595745623039979,9873,1
0.0005595745623039979,823,1
0.0005595745623039979,4327,1
0.0005595745623039979,9003,1
0.0005595745623039979,5948,1
0.0005595745623039979,7769,1
0.0005595745623039979,5000,1
0.0005595745623039979,3426,1
0.0005595745623039979,7801,1
0.0005595745623039979,5787,1
0.0005595745623039979,4631,1
0.0005595745623039979,1987,1
0.0005595745623039979,1538,1
0.0005595745623039979,2730,1
0.0005595745623039979,6008,1
0.0005595745623039979,4626,1
0.0005595745623039979,3923,1
0.0005595745623039979,5762,1
0.0005595745623039979,6658,1
0.0005555488460284296,6853,1
0.0005555488460284296,5310,1
0.0005555488460284296,7727,1
0.0005555488460284296,8889,1
0.0005555488460284296,8503,1
0.0005555488460284296,9890,1
0.0005555488460284296,2607,1
0.0005555488460284296,5009,1
0.0005555488460284296,5171,1
0.0005555488460284296,52,1
0.0005555488460284296,4907,1
0.0005555488460284296,7497,1
0.0005555488460284296,8005,1
0.0005555488460284296,5870,1
0.0005555488460284296,3381,1
0.0005555488460284296,7133,1
0.0005555488460284296,4920,1
0.0005555488460284296,388,1
0.0005555488460284296,5944,1
0.0005555488460284296,4528,1
0.0005555488460284296,2663,1
0.0005555488460284296,5114,1
0.0005555488460284296,3109,1
0.0005555488460284296,9676,1
0.0005555488460284296,253,1
0.0005515231297528613,2808,1
0.0005515231297528613,41,1
0.0005515231297528613,2657,1
0.0005515231297528613,1048,1
0.0005515231297528613,8669,1
0.0005515231297528613,857,1
0.0005515231297528613,8331,1
0.0005515231297528613,7281,1
0.0005515231297528613,8740,1
0.0005515231297528613,1136,1
0.0005515231297528613,7455,1
0.0005515231297528613,2959,1
0.0005515231297528613,7568,1
0.0005515231297528613,6436,1
0.0005515231297528613,5119,1
0.0005515231297528613,5815,1
0.0005515231297528613,4713,1
0.0005515231297528613,1779,1
0.0005515231297528613,7156,1
0.0005515231297528613,7286,1
0.0005515231297528613,2956,1
0.0005515231297528613,6896,1
0.000547497413477293,172,1
0.000547497413477293,4224,1
0.000547497413477293,6120,1
0.000547497413477293,932,1
0.000547497413477293,8348,1
0.000547497413477293,1564,1
0.000547497413477293,7956,1
0.000547497413477293,908,1
0.000547497413477293,4412,1
0.000547497413477293,2168,1
0.000547497413477293,8647,1
0.000547497413477293,4045,1
0.000547497413477293,3626,1
0.000547497413477293,4491,1
0.000547497413477293,515,1
0.000547497413477293,9011,1
0.000547497413477293,4651,1
0.000547497413477293,2191,1
0.000547497413477293,5978,1
0.000547497413477293,1594,1
0.000547497413477293,7308,1
0.000547497413477293,5344,1
0.000547497413477293,3815,1
0.000547497413477293,187,1
0.000547497413477293,5987,1
0.000547497413477293,1137,1
0.000547497413477293,7252,1
0.000547497413477293,9649,1
0.000547497413477293,6098,1
0.000547497413477293,6154,1
0.000547497413477293,437,1
0.000547497413477293,8108,1
0.000547497413477293,918,1
0.000547497413477293,4242,1
0.000547497413477293,6533,1
0.000547497413477293,5713,1
0.000547497413477293,8035,1
0.000547497413477293,4019,1
0.0005434716972017246,6468,1
0.0005434716972017246,3687,1
0.0005434716972017246,8542,1
0.0005434716972017246,29,1
0.0005434716972017246,4445,1
0.0005434716972017246,568,1
0.0005434716972017246,3668,1
0.0005434716972017246,3418,1
0.0005434716972017246,468,1
0.0005434716972017246,7916,1
0.0005434716972017246,8080,1
0.0005434716972017246,6938,1
0.0005434716972017246,1909,1
0.0005434716972017246,8735,1
0.0005434716972017246,8839,1
0.0005434716972017246,9713,1
0.0005434716972017246,1103,1
0.0005434716972017246,896,1
0.0005434716972017246,2955,1
0.0005434716972017246,3333,1
0.0005434716972017246,6825,1
0.0005434716972017246,7544,1
0.0005434716972017246,865,1
0.0005434716972017246,1456,1
0.0005434716972017246,3277,1
0.0005394459809261563,6964,1
0.0005394459809261563,4708,1
0.0005394459809261563,8193,1
0.0005394459809261563,269,1
0.0005394459809261563,4706,1
0.0005394459809261563,7959,1
0.0005394459809261563,3160,1
0.0005394459809261563,207,1
0.0005394459809261563,6588,1
0.0005394459809261563,2817,1
0.0005394459809261563,6879,1
0.0005394459809261563,5073,1
0.0005394459809261563,2399,1
0.0005394459809261563,7855,1
0.0005394459809261563,2370,1
0.0005394459809261563,4414,1
0.0005394459809261563,691,1
0.0005394459809261563,3135,1
0.0005394459809261563,44,1
0.0005394459809261563,6376,1
0.0005394459809261563,5728,1
0.0005394459809261563,3692,1
0.0005394459809261563,3810,1
0.0005394459809261563,9317,1
0.0005394459809261563,4346,1
0.0005394459809261563,7169,1
0.0005394459809261563,8878,1
0.000535420264650588,7318,1
0.000535420264650588,6626,1
0.000535420264650588,513,1
0.000535420264650588,3848,1
0.000535420264650588,2359,1
0.000535420264650588,2967,1
0.000535420264650588,1547,1
0.000535420264650588,7007,1
0.000535420264650588,6762,1
0.000535420264650588,9777,1
0.000535420264650588,8063,1
0.000535420264650588,2402,1
0.000535420264650588,6617,1
0.000535420264650588,9323,1
0.000535420264650588,7789,1
0.000535420264650588,9166,1
0.000535420264650588,4955,1
0.000535420264650588,9894,1
0.000535420264650588,5195,1
0.000535420264650588,2466,1
0.000535420264650588,7593,1
0.000535420264650588,9680,1
0.0005313945483750196,4977,1
0.0005313945483750196,5581,1
0.0005313945483750196,458,1
0.0005313945483750196,5162,1
0.0005313945483750196,9000,1
0.0005313945483750196,8343,1
0.0005313945483750196,9170,1
0.0005313945483750196,8837,1
0.0005313945483750196,3495,1
0.0005313945483750196,2215,1
0.0005313945483750196,4933,1
0.0005313945483750196,9501,1
0.0005313945483750196,8245,1
0.0005313945483750196,9001,1
0.0005313945483750196,6868,1
0.0005313945483750196,1043,1
0.0005313945483750196,9755,1
0.0005313945483750196,5363,1
0.0005313945483750196,3335,1
0.0005313945483750196,395,1
0.0005313945483750196,5273,1
0.0005313945483750196,2793,1
0.0005313945483750196,9231,1
0.0005313945483750196,6185,1
0.0005313945483750196,7825,1
0.0005313945483750196,165,1
0.0005313945483750196,9900,1
0.0005313945483750196,4928,1
0.0005313945483750196,2603,1
0.0005313945483750196,1791,1
0.0005313945483750196,9687,1
0.0005313945483750196,6095,1
0.0005313945483750196,8015,1
0.0005313945483750196,1488,1
0.0005313945483750196,5601,1
0.0005313945483750196,9667,1
0.0005313945483750196,6771,1
0.0005313945483750196,1203,1
0.0005313945483750196,4133,1
0.0005273688320994513,5016,1
0.0005273688320994513,6537,1
0.0005273688320994513,2004,1
0.0005273688320994513,594,1
0.0005273688320994513,5163,1
0.0005273688320994513,5358,1
0.0005273688320994513,6157,1
0.0005273688320994513,8801,1
0.0005273688320994513,7664,1
0.0005273688320994513,242,1
0.0005273688320994513,3161,1
0.0005273688320994513,9598,1
0.0005273688320994513,4132,1
0.0005273688320994513,9586,1
0.0005273688320994513,6418,1
0.0005273688320994513,2065,1
0.0005273688320994513,3915,1
0.0005273688320994513,6651,1
0.0005273688320994513,5884,1
0.0005273688320994513,232,1
0.0005273688320994513,8184,1
0.0005273688320994513,946,1
0.0005273688320994513,2073,1
0.0005273688320994513,5080,1
0.0005273688320994513,8453,1
0.0005273688320994513,2379,1
0.0005233431158238829,2443,1
0.0005233431158238829,1413,1
0.0005233431158238829,5808,1
0.0005233431158238829,8997,1
0.0005233431158238829,9039,1
0.0005233431158238829,710,1
0.0005233431158238829,6061,1
0.0005233431158238829,8327,1
0.0005233431158238829,4394,1
0.0005233431158238829,8898,1
0.0005233431158238829,6960,1
0.0005233431158238829,4157,1
0.0005233431158238829,839,1
0.0005233431158238829,8818,1
0.0005233431158238829,5175,1
0.0005233431158238829,5379,1
0.0005233431158238829,2123,1
0.0005233431158238829,1922,1
0.0005233431158238829,3566,1
0.0005233431158238829,5599,1
0.0005233431158238829,9828,1
0.0005233431158238829,6463,1
0.0005233431158238829,7061,1
0.0005233431158238829,6919,1
0.0005233431158238829,9636,1
0.0005233431158238829,6534,1
0.0005233431158238829,6073,1
0.0005233431158238829,9806,1
0.0005233431158238829,5841,1
0.0005233431158238829,9258,1
0.0005233431158238829,5118,1
0.0005233431158238829,1131,1
0.0005233431158238829,3293,1
0.0005233431158238829,9526,1
0.0005233431158238829,1820,1
0.0005233431158238829,9396,1
0.0005193173995483146,14,1
0.0005193173995483146,8624,1
0.0005193173995483146,5610,1
0.0005193173995483146,6459,1
0.0005193173995483146,615,1
0.0005193173995483146,9279,1
0.0005193173995483146,1995,1
0.0005193173995483146,6748,1
0.0005193173995483146,3995,1
0.0005193173995483146,9052,1
0.0005193173995483146,2744,1
0.0005193173995483146,9429,1
0.0005193173995483146,7218,1
0.0005193173995483146,8570,1
0.0005193173995483146,8288,1
0.0005193173995483146,5384,1
0.0005193173995483146,2212,1
0.0005193173995483146,2490,1
0.0005193173995483146,5778,1
0.0005193173995483146,5390,1
0.0005193173995483146,5480,1
0.0005193173995483146,3607,1
0.0005193173995483146,7180,1
0.0005193173995483146,4720,1
0.0005193173995483146,9536,1
0.0005152916832727463,2217,1
0.0005152916832727463,5289,1
0.0005152916832727463,7287,1
0.0005152916832727463,1003,1
0.0005152916832727463,5124,1
0.0005152916832727463,9494,1
0.0005152916832727463,2358,1
0.0005152916832727463,3097,1
0.0005152916832727463,7047,1
0.0005152916832727463,8640,1
0.0005152916832727463,1028,1
0.0005152916832727463,5013,1
0.0005152916832727463,7717,1
0.0005152916832727463,2367,1
0.0005152916832727463,2514,1
0.0005152916832727463,8833,1
0.0005152916832727463,3641,1
0.0005152916832727463,148,1
0.0005152916832727463,4381,1
0.0005152916832727463,3895,1
0.0005152916832727463,769,1
0.0005152916832727463,5997,1
0.0005152916832727463,3971,1
0.0005152916832727463,3713,1
0.0005152916832727463,3782,1
0.0005152916832727463,9423,1
0.0005152916832727463,1568,1
0.0005152916832727463,5820,1
0.0005152916832727463,7610,1
0.0005152916832727463,7073,1
0.0005152916832727463,760,1
0.0005152916832727463,7814,1
0.0005152916832727463,696,1
0.0005152916832727463,3372,1
0.000511265966997178,9050,1
0.000511265966997178,33,1
0.000511265966997178,9062,1
0.000511265966997178,730,1
0.000511265966997178,9136,1
0.000511265966997178,943,1
0.000511265966997178,7293,1
0.000511265966997178,8333,1
0.000511265966997178,2811,1
0.000511265966997178,4294,1
0.000511265966997178,4116,1
0.000511265966997178,8418,1
0.000511265966997178,9542,1
0.000511265966997178,960,1
0.000511265966997178,3023,1
0.000511265966997178,6799,1
0.000511265966997178,4385,1
0.000511265966997178,4006,1
0.000511265966997178,1536,1
0.000511265966997178,7420,1
0.000511265966997178,299,1
0.000511265966997178,8096,1
0.000511265966997178,8179,1
0.000511265966997178,4636,1
0.000511265966997178,7207,1
0.000511265966997178,5138,1
0.000511265966997178,7661,1
0.000511265966997178,799,1
0.000511265966997178,3465,1
0.000511265966997178,1678,1
0.000511265966997178,350,1
0.0005072402507216097,609,1
0.0005072402507216097,3710,1
0.0005072402507216097,9004,1
0.0005072402507216097,6834,1
0.0005072402507216097,3466,1
0.0005072402507216097,844,1
0.0005072402507216097,5638,1
0.0005072402507216097,7719,1
0.0005072402507216097,5229,1
0.0005072402507216097,6747,1
0.0005072402507216097,8384,1
0.0005072402507216097,8412,1
0.0005072402507216097,4376,1
0.0005072402507216097,2610,1
0.0005072402507216097,9783,1
0.0005072402507216097,3429,1
0.0005072402507216097,870,1
0.0005072402507216097,7637,1
0.0005072402507216097,4759,1
0.0005072402507216097,289,1
0.0005072402507216097,1872,1
0.0005072402507216097,2743,1
0.0005072402507216097,6399,1
0.0005072402507216097,2676,1
0.0005072402507216097,7427,1
0.0005072402507216097,7140,1
0.0005072402507216097,1123,1
0.0005072402507216097,9402,1
0.0005072402507216097,7118,1
0.0005072402507216097,4973,1
0.0005072402507216097,5365,1
0.0005072402507216097,4583,1
0.0005072402507216097,7927,1
0.0005072402507216097,2239,1
0.0005072402507216097,2185,1
0.0005072402507216097,4832,1
0.0005032145344460413,7777,1
0.0005032145344460413,2295,1
0.0005032145344460413,6489,1
0.0005032145344460413,9681,1
0.0005032145344460413,5852,1
0.0005032145344460413,4506,1
0.0005032145344460413,3460,1
0.0005032145344460413,6666,1
0.0005032145344460413,3008,1
0.0005032145344460413,6898,1
0.0005032145344460413,1571,1
0.0005032145344460413,6565,1
0.0005032145344460413,5779,1
0.0005032145344460413,6449,1
0.0005032145344460413,4990,1
0.0005032145344460413,1032,1
0.0005032145344460413,8500,1
0.0005032145344460413,1315,1
0.0005032145344460413,1828,1
0.0005032145344460413,5441,1
0.0005032145344460413,7520,1
0.0005032145344460413,238,1
0.0005032145344460413,1128,1
0.0005032145344460413,4259,1
0.0005032145344460413,7026,1
0.0005032145344460413,1224,1
0.0005032145344460413,1047,1
0.0005032145344460413,8592,1
0.0005032145344460413,454,1
0.0005032145344460413,1802,1
