full_date,forecast_revenue
2026-01-01,160102.5931570947
2026-01-02,170468.42827322095
2026-01-03,139962.57369167515
2026-01-04,141858.5590581694
2026-01-05,158702.74402683342
2026-01-06,152672.74492018178
2026-01-07,148709.79084072605
2026-01-08,164011.90574710706
2026-01-09,177039.80032302765
2026-01-10,142518.30231756688
2026-01-11,152850.78261643232
2026-01-12,172355.45958574297
2026-01-13,167999.90862357896
2026-01-14,159072.99055961397
2026-01-15,158250.9816097914
2026-01-16,156441.81905292012
2026-01-17,135017.68305266972
2026-01-18,139134.36701466807
2026-01-19,167563.79773827433
2026-01-20,167240.2411241334
2026-01-21,164313.46860777884
2026-01-22,171154.0631939665
2026-01-23,167971.53880747824
2026-01-24,144332.27957466754
2026-01-25,148802.53875278094
2026-01-26,161878.87850228147
2026-01-27,164584.32079771836
2026-01-28,164020.68670434234
2026-01-29,166188.60751307828
2026-01-30,174182.80127764907
2026-01-31,149606.6111269822
2026-02-01,156947.46626582602
2026-02-02,167138.02746743156
2026-02-03,169408.32576433537
2026-02-04,170887.14630398658
2026-02-05,167282.08944661226
2026-02-06,171456.69449197754
2026-02-07,154153.81074272777
2026-02-08,157859.49634059152
2026-02-09,170692.35138175997
2026-02-10,167533.4177010462
2026-02-11,174959.3937574724
2026-02-12,172418.86293907417
2026-02-13,170440.10184207564
2026-02-14,151861.79805042
2026-02-15,152185.7722734789
2026-02-16,170066.6913840788
2026-02-17,169337.60921674487
2026-02-18,175710.38582098758
2026-02-19,173979.81454058716
2026-02-20,177300.80375640158
2026-02-21,156667.24924048246
2026-02-22,157934.8376797829
2026-02-23,176660.22650646704
2026-02-24,169827.13877182148
2026-02-25,173595.0540310251
2026-02-26,173681.71846143453
2026-02-27,175577.47436112125
2026-02-28,159782.52483631604
2026-03-01,160944.69108101635
2026-03-02,176064.05410419125
2026-03-03,173288.3142198874
2026-03-04,178157.61052089476
2026-03-05,172294.7109286089
2026-03-06,176338.4650080805
2026-03-07,155617.00666937974
2026-03-08,154849.8672795558
2026-03-09,178423.6869200959
2026-03-10,174935.96079755112
2026-03-11,174138.6800714919
2026-03-12,173478.42620610297
2026-03-13,177027.16082535923
2026-03-14,152467.48816240925
2026-03-15,161132.58680989748
2026-03-16,171201.9539302732
2026-03-17,177839.99088151363
2026-03-18,175727.20124745244
2026-03-19,176454.22315554201
2026-03-20,180556.8182587622
2026-03-21,160760.4339302629
2026-03-22,159314.40809874432
2026-03-23,181540.20239786615
2026-03-24,174562.12800547795
2026-03-25,172128.95666558723
2026-03-26,170651.89072689987
2026-03-27,177202.93562664723
2026-03-28,161014.2683134033
2026-03-29,160051.6563458569
2026-03-30,176724.55465167185
2026-03-31,171782.79479170288
2026-04-01,177215.2905512253
2026-04-02,173176.80618462022
2026-04-03,173515.1103777154
2026-04-04,155212.57862405633
2026-04-05,161433.52993007563
2026-04-06,177469.17024373545
2026-04-07,176822.88957028685
2026-04-08,177442.31574188362
2026-04-09,175751.79538830652
2026-04-10,176249.16545009858
2026-04-11,155630.58032667983
2026-04-12,159945.34817187334
2026-04-13,176567.78613698023
2026-04-14,175235.628314257
2026-04-15,176727.365611788
2026-04-16,175587.1398720169
2026-04-17,181096.83513341204
2026-04-18,164046.30503550053
2026-04-19,163622.18314586894
2026-04-20,188576.59447045473
2026-04-21,183243.3437508457
2026-04-22,180920.75625680297
2026-04-23,181986.81497239904
2026-04-24,179898.72570395868
2026-04-25,169420.06504011693
2026-04-26,173624.4544270715
2026-04-27,184629.04631395504
2026-04-28,166528.21227602797
2026-04-29,167529.0649027997
2026-04-30,167085.0454841438
2026-05-01,179814.39714434618
2026-05-02,156500.32070469245
2026-05-03,160792.64147452818
2026-05-04,183567.6028484137
2026-05-05,180926.1602906034
2026-05-06,173829.82493386464
2026-05-07,161661.55344058826
2026-05-08,174501.84816172958
2026-05-09,156462.42542300426
2026-05-10,154040.10472641478
2026-05-11,181451.25875430446
2026-05-12,176622.73584258635
2026-05-13,181055.98973194166
2026-05-14,163186.96095086567
2026-05-15,179777.43071949505
2026-05-16,155243.70283119453
2026-05-17,161735.93922297677
2026-05-18,181162.1239634713
2026-05-19,176888.66097089768
2026-05-20,173361.99239576308
2026-05-21,179135.7134429728
2026-05-22,177533.29583432138
2026-05-23,159432.50553371236
2026-05-24,163266.60555833584
2026-05-25,181810.84151039246
2026-05-26,180480.99819315542
2026-05-27,177482.96054514646
2026-05-28,182383.5871709841
2026-05-29,174620.0606206474
2026-05-30,163285.66749313555
2026-05-31,165026.98260806713
2026-06-01,184780.1393559507
2026-06-02,175329.47353632335
2026-06-03,175768.0752547605
2026-06-04,175029.50657434086
2026-06-05,180609.27441990143
2026-06-06,160002.08546418356
2026-06-07,158670.70493579886
2026-06-08,180595.4001617863
2026-06-09,171191.83058892374
2026-06-10,176844.60032901668
2026-06-11,172847.88964291348
2026-06-12,171094.57356996875
2026-06-13,155675.8854840253
2026-06-14,161188.5055568369
2026-06-15,177577.27713985846
2026-06-16,174721.2010059317
2026-06-17,172882.76013850613
2026-06-18,174749.8131317616
2026-06-19,178673.6083248502
2026-06-20,161388.32377846705
2026-06-21,162923.30489332307
2026-06-22,179266.71457196496
2026-06-23,177453.17797853728
2026-06-24,176231.74553382216
2026-06-25,174766.07238420256
2026-06-26,179284.5754998366
2026-06-27,164601.77917236843
2026-06-28,166222.09695358362
2026-06-29,178717.33749122868
2026-06-30,173603.664912666
2026-07-01,177076.72753720457
2026-07-02,174247.5402470041
2026-07-03,181266.9726579777
2026-07-04,185283.012017969
2026-07-05,155621.96008842575
2026-07-06,176507.07798998675
2026-07-07,168219.89263386632
2026-07-08,173844.95321061686
2026-07-09,167735.76130717044
2026-07-10,167907.89766250015
2026-07-11,149939.53597826418
2026-07-12,154419.4601929931
2026-07-13,181344.63046872139
2026-07-14,178940.1348244628
2026-07-15,176037.2146415325
2026-07-16,176059.3410779551
2026-07-17,175128.69063472186
2026-07-18,146711.83967352114
2026-07-19,158450.44692643167
2026-07-20,175693.88434925454
2026-07-21,173159.80243140523
2026-07-22,176838.06956241152
2026-07-23,176188.8221682007
2026-07-24,180057.1401319837
2026-07-25,159903.99343619045
2026-07-26,159248.59423350962
2026-07-27,181526.02116408557
2026-07-28,175253.66994310333
2026-07-29,175338.70156085014
2026-07-30,171348.9565923581
2026-07-31,173401.63482173605
2026-08-01,158108.4938815958
2026-08-02,160362.53919224077
2026-08-03,176376.37930766612
2026-08-04,173113.54934862274
2026-08-05,175190.87424220858
2026-08-06,173715.6060053604
2026-08-07,175973.0351764559
2026-08-08,151187.29565940952
2026-08-09,153351.2435656741
2026-08-10,182735.79496891724
2026-08-11,171692.99370435104
2026-08-12,172581.36553017353
2026-08-13,177753.67013411992
2026-08-14,175801.79203650242
2026-08-15,153090.80848087123
2026-08-16,158529.80264687512
2026-08-17,179215.14746870665
2026-08-18,175260.52374028723
2026-08-19,178867.6051958617
2026-08-20,175131.4425811958
2026-08-21,187132.27429304936
2026-08-22,172860.14469040371
2026-08-23,168549.09943757622
2026-08-24,193840.16666679774
2026-08-25,194138.3385400238
2026-08-26,193214.38965535283
2026-08-27,199063.65895545512
2026-08-28,213638.763146067
2026-08-29,178141.90679721782
2026-08-30,173106.51950633063
2026-08-31,209022.204971801
2026-09-01,227921.77030019017
2026-09-02,222533.50700529662
2026-09-03,235358.61107613367
2026-09-04,240859.54035395844
2026-09-05,233410.62460954004
2026-09-06,228039.01141428528
2026-09-07,231710.03230641733
2026-09-08,239609.344829255
2026-09-09,254900.91065018426
2026-09-10,237288.60611793998
2026-09-11,253836.79321274252
2026-09-12,228813.55100726362
2026-09-13,233169.8478377665
2026-09-14,243141.8740145964
2026-09-15,214768.83078475358
2026-09-16,207417.20571297963
2026-09-17,219666.8677603946
2026-09-18,211629.99990225086
2026-09-19,216084.93401862402
2026-09-20,186753.64140655173
2026-09-21,215247.68010226847
2026-09-22,224098.76861328896
2026-09-23,227475.05132166733
2026-09-24,218538.53822391038
2026-09-25,238348.1336966925
2026-09-26,216209.32786473332
2026-09-27,185915.15369298137
2026-09-28,223134.56775706544
2026-09-29,230591.5065210968
2026-09-30,236294.68439985052
2026-10-01,216820.06250958666
2026-10-02,221081.68492718955
2026-10-03,200387.46333691676
2026-10-04,174153.89203288138
2026-10-05,210181.6915558349
2026-10-06,222423.46659639262
2026-10-07,212447.29033994584
2026-10-08,207945.70317207405
2026-10-09,213517.3510869685
2026-10-10,185805.02760778542
2026-10-11,163636.0882385979
2026-10-12,210025.9916184909
2026-10-13,211600.26608345102
2026-10-14,205406.51050857702
2026-10-15,206333.30994302838
2026-10-16,205980.8090479494
2026-10-17,168724.9831127499
2026-10-18,165955.53528970896
2026-10-19,218880.7616101997
2026-10-20,216696.06703237127
2026-10-21,209637.41070884516
2026-10-22,217805.40748288855
2026-10-23,212909.74684741232
2026-10-24,175448.23626573337
2026-10-25,164645.2461305274
2026-10-26,218515.6508285849
2026-10-27,218478.0290672235
2026-10-28,208330.723539753
2026-10-29,217168.64805383363
2026-10-30,214742.55433755854
2026-10-31,183111.8410527288
2026-11-01,198897.56641462128
2026-11-02,242276.89423561195
2026-11-03,248352.63213201668
2026-11-04,237329.78342533705
2026-11-05,240046.70851887146
2026-11-06,243842.90316634194
2026-11-07,209064.36724184357
2026-11-08,217779.66934344685
2026-11-09,237908.3399781763
2026-11-10,237114.749394778
2026-11-11,244415.06767758357
2026-11-12,251877.82472361962
2026-11-13,242280.96042189145
2026-11-14,220211.48374211398
2026-11-15,220539.98583929022
2026-11-16,237432.38572303922
2026-11-17,254337.91003185575
2026-11-18,276627.6656990387
2026-11-19,297195.55382551585
2026-11-20,355333.8903791626
2026-11-21,315837.9636466337
2026-11-22,319533.35870063346
2026-11-23,368953.1391522747
2026-11-24,345149.4002077979
2026-11-25,343997.255012696
2026-11-26,357285.92246874404
2026-11-27,378776.5575834435
2026-11-28,321122.6228903325
2026-11-29,336160.7970126002
2026-11-30,377877.2644818207
2026-12-01,288491.1369816646
2026-12-02,271127.6810406195
2026-12-03,275154.96616420185
2026-12-04,274102.5568888281
2026-12-05,247124.97282697546
2026-12-06,246357.71139310845
2026-12-07,275796.86951902666
2026-12-08,279375.30998261954
2026-12-09,275108.61007697415
2026-12-10,339283.98145603406
2026-12-11,357332.41965720133
2026-12-12,316289.4236322004
2026-12-13,315691.8414658589
2026-12-14,349528.37988799164
2026-12-15,335437.6231990586
2026-12-16,336961.5208323783
2026-12-17,348816.8775342919
2026-12-18,350471.71928778844
2026-12-19,300735.66000991646
2026-12-20,303650.89722193684
2026-12-21,348598.63601153315
2026-12-22,345190.0881350782
2026-12-23,345547.1844426016
2026-12-24,355827.6583831689
2026-12-25,359606.83361623995
2026-12-26,314444.9077460986
2026-12-27,318180.1767435293
2026-12-28,362540.92027693463
2026-12-29,356581.62080079323
2026-12-30,356962.30492282385
2026-12-31,360443.5591089481
