category_id,category_name
1,Electronics
2,Computers
3,Smartphones
4,Home Appliances
5,Furniture
6,Clothing
7,Shoes
8,Sports
9,Beauty
10,Books
11,Toys
12,Garden
13,Automotive
14,Office
15,Jewelry
16,Pet Supplies
17,Health
18,Gaming
19,Music
20,Travel
21,Category 21
22,Category 22
23,Category 23
24,Category 24
25,Category 25
26,Category 26
27,Category 27
28,Category 28
29,Category 29
30,Category 30
31,Category 31
32,Category 32
33,Category 33
34,Category 34
35,Category 35
36,Category 36
37,Category 37
38,Category 38
39,Category 39
40,Category 40
41,Category 41
42,Category 42
43,Category 43
44,Category 44
45,Category 45
46,Category 46
47,Category 47
48,Category 48
49,Category 49
50,Category 50
