supplier_id,supplier_name,country,city
1,"Rodriguez, Figueroa and Sanchez",Burundi,Lake Joyside
2,Garza Inc,Antarctica (the territory South of 60 deg S),East Jessetown
3,"Gonzalez, Santos and Gardner",Cyprus,Lawrencetown
4,Wolfe LLC,Fiji,East Susan
5,Garcia-James,Guinea-Bissau,Cassandraton
6,"Stevens, Martinez and Nielsen",Belgium,Mariastad
7,"Lee, Jones and Stanley",Sierra Leone,Traciebury
8,James Group,North Macedonia,Franciscostad
9,Santiago Ltd,Vietnam,New Cynthiaside
10,"Sanchez, Ford and Nelson",Uzbekistan,Lake Mark
11,Perez Inc,Sri Lanka,Richardland
12,Gentry PLC,Turkey,Jasonfort
13,Wilkerson-Day,Cambodia,Donaldside
14,"Baker, Richards and Hurst",Iran,Jeffreyberg
15,"Snyder, Campos and Callahan",Cape Verde,Port Erin
16,"Brown, James and Ferrell",Marshall Islands,Tashatown
17,"Le, Maldonado and Herrera",Ethiopia,Danielchester
18,Chavez Ltd,Turkey,Teresaburgh
19,"Gaines, Harrell and Evans",Northern Mariana Islands,East Nathaniel
20,Ryan PLC,Uruguay,New Mariotown
21,Hickman LLC,Dominican Republic,East Natalieland
22,Dennis Inc,Senegal,East Donna
23,"Martin, Rose and Obrien",Croatia,Lake Larry
24,"Santos, Kim and Holmes",British Indian Ocean Territory (Chagos Archipelago),East Caleb
25,Chapman and Sons,Namibia,North Chad
26,"Brown, Jones and Johnson",Greenland,New Johnfort
27,Ryan Ltd,Vietnam,Sanchezfort
28,Lee-Davis,Jersey,Rodneymouth
29,"Brown, Valdez and Lucas",Bahamas,Chandlerville
30,Lee PLC,Kiribati,South Isaiah
31,Wright-Leblanc,Kenya,North Deniseside
32,Novak and Sons,Chad,Tuckerborough
33,Barrera-Martin,Afghanistan,Bakermouth
34,Henderson-Bernard,Slovenia,Mooreport
35,Novak PLC,Saint Pierre and Miquelon,Lake Leeton
36,"Woods, Calhoun and Schmidt",Azerbaijan,Port Jacobland
37,"Hensley, Powell and David",Montenegro,New Brooke
38,"Miller, Sandoval and Cunningham",Germany,Jamesmouth
39,Baker and Sons,Paraguay,Stephenland
40,Ellis PLC,Bolivia,New Jasonview
41,Mahoney Inc,Turkmenistan,West Justin
42,Bass-Warner,New Zealand,Lake Lisaport
43,"Garcia, Humphrey and Baker",Tuvalu,Lake Angelaview
44,Jacobs-Robbins,Costa Rica,Williamview
45,Davis Group,Switzerland,Bradleymouth
46,Walsh LLC,Central African Republic,Arnoldchester
47,"Smith, Jones and Ware",United Kingdom,New Barry
48,Aguilar-Hernandez,Brunei Darussalam,West Michaelton
49,Clark-Wright,Bosnia and Herzegovina,Kimberlychester
50,"Brady, Frost and Young",Central African Republic,South Angel
51,"Middleton, Patton and Jenkins",Paraguay,West Erik
52,"Rodriguez, Brennan and Garrison",Cyprus,Port Samantha
53,Torres-Pope,Denmark,North Donna
54,Murphy-Lin,Sierra Leone,Michaelhaven
55,Frazier-Anthony,Greenland,North Natalieview
56,Carpenter LLC,Argentina,New Ryanmouth
57,Obrien-Dixon,Hungary,West Bradley
58,Smith-Frost,Mauritania,West Ryan
59,"Mccall, Hanson and Alvarado",British Virgin Islands,Williamchester
60,Powell-Phillips,Brunei Darussalam,South Elizabeth
61,Byrd-Orr,Nicaragua,Richardtown
62,Mitchell-Jordan,Mozambique,Stevenmouth
63,"Lewis, Kennedy and Santana",South Africa,Lake Christopher
64,"Beck, Harvey and Davis",Zambia,Lake Lance
65,Hernandez Inc,Ecuador,Carrland
66,Perry-Soto,Congo,Snyderbury
67,Douglas Inc,Uganda,Port Ronaldburgh
68,"Holmes, Williams and Wright",Thailand,South Dennismouth
69,"Schmidt, Hansen and Stewart",Saudi Arabia,Salazarhaven
70,Rivas-Kelley,Ukraine,Lake Michelle
71,Green-Wright,Northern Mariana Islands,Katiehaven
72,Sims-Hill,Belarus,Jimmymouth
73,Orozco-Miller,Canada,South Heather
74,"Lewis, Perry and Rivera",Lao People's Democratic Republic,Brownchester
75,Stein-Silva,Qatar,Port Nicoleshire
76,Woods-Bender,French Southern Territories,Castanedachester
77,"Adkins, Payne and Morrison",Cyprus,Robinsonchester
78,Johnson-Rogers,Philippines,Ramseymouth
79,Hooper PLC,Anguilla,Vargastown
80,Day and Sons,Tonga,Whiteview
81,Murphy-Gibson,Guadeloupe,Ramirezchester
82,Conley-Ruiz,San Marino,West Jeffreyland
83,"Williams, Johnson and Wright",Taiwan,New Elijahberg
84,Caldwell-Elliott,Cuba,Lyonsstad
85,Obrien Ltd,Saint Barthelemy,Port Loriport
86,Lane LLC,Morocco,Sandersborough
87,Vargas Ltd,Ecuador,Lake Kendraville
88,"Patton, Reed and Patterson",Heard Island and McDonald Islands,New Deborahtown
89,Short-Garcia,Guyana,Zimmermanchester
90,Gross Ltd,Faroe Islands,Marshallshire
91,Morris-Sanchez,Vietnam,West Nicolebury
92,Hudson-Barnett,Guadeloupe,South Melissaburgh
93,Lewis-Salinas,Guam,Nicoleview
94,"Smith, Vaughan and Miller",Saint Helena,Freemanbury
95,"Alvarez, Joseph and West",Andorra,West Jeffreybury
96,Beck-Wood,Micronesia,Ronaldside
97,Bell-Chavez,Gambia,Jerryborough
98,Wilson-Herrera,Serbia,East Javier
99,Hill-Lawrence,Senegal,Tinaborough
100,Perez-White,American Samoa,West Brandon
101,Tran Ltd,Western Sahara,Lake Miranda
102,Garcia-Smith,Finland,Mendozamouth
103,Sheppard LLC,Wallis and Futuna,Wilsonland
104,Vasquez-Ray,Poland,East Edwardshire
105,Miller-Wright,Moldova,Obrienbury
106,"James, Kerr and Evans",Namibia,Torreston
107,"Choi, Garcia and Farmer",Niue,West Donna
108,Allen PLC,Belarus,North Ricky
109,"Wheeler, Carter and Hall",Romania,Jacquelinemouth
110,Mcdaniel LLC,Solomon Islands,South Danny
111,Holland LLC,Sweden,North Brian
112,Larson-Holloway,Uruguay,Scottmouth
113,"Torres, Powell and Nelson",Mauritius,Kimton
114,Navarro-Munoz,Anguilla,East Suzanneshire
115,"Sampson, Key and Chambers",Ethiopia,Port Katelynfort
116,"Pearson, Moon and White",Myanmar,Waltersfort
117,Harrison Group,Grenada,Elizabethburgh
118,Jenkins-Simpson,Panama,Cervantesside
119,Gibson LLC,El Salvador,Darrellfurt
120,"Bryan, Smith and Booth",Kyrgyz Republic,Brownhaven
121,Dean-Jimenez,Kenya,East Josephberg
122,Kim-Wolfe,British Virgin Islands,Lake Chelseabury
123,"Moore, Pierce and Tran",Bermuda,Port Robin
124,Valentine-Holland,Cape Verde,Cantuport
125,"Thornton, Perry and Olson",Latvia,South Andrea
126,Lee-Greene,San Marino,Port Chad
127,Morgan-French,Ethiopia,West Jessicashire
128,"Duarte, Burns and Hernandez",Mauritania,Reedside
129,"Bennett, Cantu and Kane",Qatar,New Patrick
130,Williams-Garner,Romania,Hughesberg
131,Hanna-Martinez,Nauru,Mollymouth
132,Fox Group,American Samoa,South Monica
133,Jones LLC,Guadeloupe,Santosmouth
134,"Villarreal, James and Stewart",Saint Barthelemy,Brennanton
135,"Jones, Welch and Mccall",Denmark,South Tiffanyville
136,Jackson-Evans,Antarctica (the territory South of 60 deg S),West Lauraport
137,Brooks-Thomas,Marshall Islands,Knightburgh
138,Thompson PLC,Trinidad and Tobago,Harveybury
139,Durham-Thomas,Kyrgyz Republic,Stevetown
140,Santana-Byrd,Cayman Islands,South Sierrashire
141,Fowler-Coleman,El Salvador,Bruceborough
142,Castaneda-Rodriguez,Hong Kong,Baileyport
143,Spence Ltd,Indonesia,Alanton
144,"Mcgee, Wall and Leach",Singapore,New Laurie
145,Fields PLC,El Salvador,Lake Colton
146,"Lucas, Parker and Alexander",Mozambique,Jessicaland
147,Murphy-Perry,Cook Islands,Port Amber
148,Schmidt-Mcintyre,Switzerland,West Robin
149,Coffey-Phillips,Trinidad and Tobago,Lindamouth
150,Taylor and Sons,Tokelau,Coffeyside
151,Davis-Foster,Estonia,South Miguelview
152,"James, Little and Watson",Peru,South Angel
153,"Murphy, Bishop and Holland",North Macedonia,Blankenshipport
154,"Ortiz, Taylor and Shah",Gabon,Wilsonbury
155,"Taylor, Chavez and Santiago",Samoa,Matthewsberg
156,Pena-Bass,Nicaragua,Crosbyview
157,Vaughn and Sons,Kenya,Sampsonstad
158,Pollard LLC,Mayotte,Bruceview
159,Donaldson Group,Bermuda,Lake Danielle
160,Williams LLC,Ecuador,Port Anne
161,Gallegos PLC,Cote d'Ivoire,Port Molly
162,Schroeder-Kramer,Nepal,West Micheleberg
163,Fernandez and Sons,Bouvet Island (Bouvetoya),East Alexisbury
164,"Morris, Thompson and Williams",Saint Vincent and the Grenadines,Foxland
165,West-Cox,Nauru,South Williamton
166,"Logan, Camacho and Boyd",Kuwait,North Yolandafurt
167,Parks-Henry,United States of America,Jonesland
168,Franklin-Jones,Falkland Islands (Malvinas),Oscarhaven
169,Chavez-Jacobs,Bolivia,Port Dianaside
170,"Glenn, Jordan and Beasley",Isle of Man,Mariafurt
171,Blair-Edwards,Germany,Nicholasberg
172,"Leblanc, Jones and Decker",Bermuda,Davisstad
173,Hawkins PLC,Zimbabwe,Elizabethchester
174,Russo-Pugh,Jamaica,West Carolinestad
175,Lane and Sons,Cape Verde,Walkerville
176,Bruce-Richardson,Serbia,Audreychester
177,"Villegas, Cardenas and Austin",Norway,New Sarahview
178,White Ltd,Serbia,Sandrastad
179,White and Sons,Mongolia,Jonestown
180,Reese and Sons,Honduras,Chavezburgh
181,Collins-Nguyen,Western Sahara,North Ericton
182,"Miller, Ramos and Coleman",New Caledonia,Perryborough
183,"Wilson, Jordan and Campbell",Philippines,Roseport
184,Walker PLC,Azerbaijan,East Kevinborough
185,Duran LLC,Greece,North Tylerchester
186,Anderson PLC,Romania,New Angelica
187,"Drake, Jones and Hensley",Armenia,Smithland
188,Johnston-Berry,Russian Federation,Robertsfurt
189,Burch and Sons,Spain,Collierstad
190,Kim Inc,Ecuador,Chapmanhaven
191,Foster LLC,Samoa,Jeffreyburgh
192,Dixon Inc,Marshall Islands,Port Michael
193,"Mullen, Brewer and Hernandez",Bosnia and Herzegovina,West James
194,"Hernandez, Malone and Jones",Zambia,Marshallshire
195,"Cole, Glass and Cunningham",North Macedonia,Michellemouth
196,Gonzales Group,Kenya,Laurashire
197,Bell Inc,Georgia,Hayeston
198,Decker-Jones,Tonga,New Brookefurt
199,Carpenter-Best,Saint Vincent and the Grenadines,South Reginashire
200,"Lopez, Jacobs and Mason",Bahamas,Garciamouth
201,"Miller, Lucas and Williams",Russian Federation,Ritterhaven
202,"Bishop, Cox and Hardin",Iceland,Schroederton
203,"Holland, Jones and Davis",Philippines,Mitchellberg
204,Miller-Alvarado,United States Virgin Islands,Kylefurt
205,Larson Inc,Georgia,Schneidermouth
206,Santiago Ltd,Poland,Lake Ellenhaven
207,Smith-Parker,Zambia,West Stacey
208,Lee-Cooke,Cape Verde,West Meganville
209,"Wise, Conley and Stephenson",Argentina,Nancyberg
210,"Bennett, Martin and Guerra",Sierra Leone,Lake Samuel
211,Diaz-Ball,Kenya,Karenmouth
212,Ferguson LLC,Sudan,Mckeeborough
213,Gregory-Hudson,Kazakhstan,Hammondfurt
214,"Rose, Burch and Montoya",Spain,Port John
215,"Castillo, Watson and Villa",Rwanda,West Christopherburgh
216,Cole-Palmer,Switzerland,Davisbury
217,Wilkerson-Arias,Israel,South Waynebury
218,Vang-Brooks,Antarctica (the territory South of 60 deg S),Sarahmouth
219,Taylor LLC,United States Virgin Islands,Hortonberg
220,"Harrison, Gilbert and Bullock",Andorra,Jasonberg
221,"Bentley, Lynch and Henderson",Singapore,Johnville
222,Allen Ltd,South Africa,Brownfort
223,"Herrera, Chen and Andrews",Saint Barthelemy,West Ruben
224,"Gomez, Duncan and Lopez",Paraguay,New Theresaland
225,"Stephens, Hartman and Romero",Angola,Markston
226,"Hughes, Brooks and Burgess",Guinea-Bissau,West Johnville
227,"Moss, Cook and Williams",Mayotte,Lisaburgh
228,"Marshall, Dominguez and Welch",Sudan,North Jennifer
229,Johnson-Harris,Somalia,North Leslie
230,Robertson-Hays,Mayotte,Kingborough
231,Kelly-Norman,Tonga,Joshuastad
232,Preston-Paul,Ukraine,Morganburgh
233,Holt-Richardson,South Georgia and the South Sandwich Islands,Lauriechester
234,Jordan and Sons,Mayotte,Manuelland
235,Guerrero-Parker,Netherlands,Jacksonmouth
236,West-Acosta,United States Minor Outlying Islands,Christinachester
237,Fowler-Moody,Azerbaijan,Lake Danastad
238,"Owen, Shelton and Cisneros",Cambodia,Johnsonland
239,Osborne LLC,Guyana,Herrington
240,"Hernandez, Cole and Watson",Kenya,New Devinstad
241,Edwards-Ramirez,Brazil,Lake Jacobhaven
242,Mcintyre-Wilson,Singapore,Janeborough
243,"Mitchell, Hendricks and Henry",British Virgin Islands,Port Charles
244,Roach Group,Benin,Elizabethland
245,"Daniels, Vance and York",Rwanda,Port Michael
246,Martinez and Sons,Somalia,East Kristy
247,Ward PLC,Heard Island and McDonald Islands,Laraside
248,Salazar Inc,Bahrain,Raymondfort
249,"Jenkins, Ortiz and Andrews",Brunei Darussalam,Dawnmouth
250,Frazier-Cooper,Turkey,Port Tammy
251,Shaw-Oneill,Switzerland,New Ericburgh
252,Morris Ltd,Czech Republic,Staceyhaven
253,Singleton-King,North Macedonia,Davidport
254,"Ferguson, Shaw and Jackson",Western Sahara,East Donna
255,"Winters, Morgan and Bradshaw",Armenia,North Brandonshire
256,Curtis-Wang,Israel,South Pamelaside
257,May-Turner,Ecuador,Evansland
258,"Brown, Gonzales and Washington",Costa Rica,Catherinemouth
259,"Flores, Travis and Reed",Iran,Port Mitchell
260,"Rodriguez, Allen and Martinez",Korea,East Colin
261,Dougherty-Lin,Italy,Port Rachel
262,Peck-Griffith,Comoros,South Wendy
263,Jimenez-Parker,Angola,South Williambury
264,Aguilar Inc,Australia,Troyfort
265,Herrera-Boone,Jersey,West Jessica
266,Diaz-Morales,Montenegro,West Angela
267,Hughes Group,Serbia,Marciaville
268,Hester Group,Holy See (Vatican City State),Angelastad
269,Gonzalez PLC,Iran,North Benjaminmouth
270,Stone-Hernandez,Uganda,West Sarah
271,Martin-Ewing,Saint Vincent and the Grenadines,Brittneyhaven
272,"Patel, Erickson and Evans",Suriname,West Markville
273,Silva-Robles,Saint Kitts and Nevis,New Thomasshire
274,"Perez, Williams and Castillo",Malta,Hernandezbury
275,Armstrong Ltd,Bouvet Island (Bouvetoya),North Scott
276,Hernandez-Vaughn,Isle of Man,Salaston
277,"Taylor, Clark and Nguyen",Panama,Foxmouth
278,Stevens PLC,Guam,Ericaview
279,"Washington, Bernard and Ramirez",French Southern Territories,West Kellie
280,"Clark, Bush and Stewart",Guernsey,Keithshire
281,"Daniels, Huang and Foster",Guatemala,West Bobby
282,"Miller, Bradshaw and Douglas",San Marino,Lewisside
283,Fitzpatrick-Horton,Burundi,New Joycebury
284,Williams PLC,Czech Republic,North Craig
285,Love-Garcia,Sierra Leone,North Tamara
286,Russell Group,Lesotho,Port Tamara
287,Mitchell-Brown,Seychelles,Lake Audreyside
288,"Sharp, Zuniga and Gentry",China,Khanburgh
289,Osborn Group,Solomon Islands,Lopezport
290,Smith PLC,Netherlands,West Justinside
291,"Snyder, Mays and Rosales",Lao People's Democratic Republic,Jamesville
292,Martin-Stevens,Equatorial Guinea,North Jill
293,Bradley-Todd,China,Wilcoxhaven
294,Miller-Caldwell,Colombia,South Marcus
295,Smith Group,Dominica,Molinamouth
296,Aguilar-Berry,Eritrea,Heatherton
297,"Wilson, Parker and Sullivan",Macao,Hannahport
298,Mendez-Robinson,Burkina Faso,Hernandezstad
299,Miles-Durham,Saudi Arabia,Port John
300,"Marks, Miller and Griffin",Romania,Christianshire
301,Brown PLC,United Kingdom,New Amanda
302,Murphy PLC,Kenya,Lake Jamieshire
303,Davis-Dixon,Sudan,South Davidchester
304,Elliott-Hansen,Peru,Jenniferfurt
305,Velasquez-Reese,Mozambique,North Rodneyland
306,"Mcknight, Michael and Jones",Vietnam,Johnsonchester
307,Mack Ltd,Saint Lucia,Brooksfurt
308,Kane-Knox,Honduras,Lake Tamaraside
309,Valdez LLC,British Indian Ocean Territory (Chagos Archipelago),New Phillip
310,Luna and Sons,Syrian Arab Republic,Port Andrewport
311,Nunez-Stephens,Martinique,Morrowbury
312,Reed-Hill,Vietnam,North Lisachester
313,"Miranda, Stephenson and Smith",Costa Rica,North Brittneymouth
314,"Powers, Brennan and Sanchez",Aruba,Gonzalesside
315,Webster Inc,Burundi,Jimshire
316,Ray-Barton,Svalbard & Jan Mayen Islands,Joelberg
317,"Boyd, Gutierrez and Hill",Moldova,Lake Erika
318,"Simpson, Compton and David",Paraguay,Floydmouth
319,"Butler, Hernandez and Bennett",Saudi Arabia,Allenbury
320,Mathews-Thomas,Kyrgyz Republic,New Robertchester
321,"Moreno, Price and Scott",Greenland,South Melanieland
322,"Hardy, Lee and Adams",Peru,Port Charlesshire
323,"Powers, Robinson and Clark",United States of America,Kevintown
324,Giles Ltd,British Indian Ocean Territory (Chagos Archipelago),Rochaborough
325,Herman-Arnold,Singapore,Oscarside
326,"Howard, Green and Hunt",Luxembourg,Garciafort
327,Rocha-Wood,Isle of Man,New Michelleberg
328,Green PLC,Mozambique,Phillipsborough
329,Hall-Hudson,Ecuador,Piercemouth
330,Hines-Burns,Saint Kitts and Nevis,Murraystad
331,Taylor PLC,Liechtenstein,New Veronica
332,Warren Inc,Western Sahara,Port Adamberg
333,"Hall, Mann and Smith",Madagascar,Brooksfort
334,"Freeman, Smith and Arnold",American Samoa,New Jenniferside
335,Smith-Li,Peru,Drakeburgh
336,Hull PLC,Canada,East Christine
337,Ochoa-Adams,Indonesia,West Susanmouth
338,"Sanchez, Terry and Evans",Sweden,Lake Victoriaton
339,Sullivan Group,Micronesia,Browntown
340,"Jackson, Porter and Hamilton",Slovenia,Arielville
341,"Ellison, Hall and Valenzuela",Puerto Rico,Nelsonland
342,"Frost, Lam and Elliott",Antigua and Barbuda,Port Leonard
343,Matthews Ltd,Swaziland,Hickmanport
344,Elliott PLC,Syrian Arab Republic,Rhodesside
345,Reyes-Singh,Somalia,New Juliestad
346,Davis and Sons,Taiwan,West Cassiefurt
347,Johnson-Nelson,Korea,Perezside
348,Reynolds-Frazier,Panama,Millerport
349,Marquez Inc,Ethiopia,South Jennifer
350,"Moore, Price and Ward",Bermuda,West Seanview
351,Anderson and Sons,Jersey,Hawkinshaven
352,Garcia-Davis,Micronesia,New Carlymouth
353,Smith-Gutierrez,Slovakia (Slovak Republic),Lake Rachelbury
354,"Meyer, Jennings and Jackson",Ethiopia,Josephberg
355,Jackson LLC,Italy,Toddland
356,King-Wright,Niue,Wheelerborough
357,Rodriguez-Torres,Yemen,Cookfurt
358,Alexander-Jordan,Swaziland,West Malik
359,"Harris, Edwards and Oconnell",Ghana,Jessicafort
360,"Casey, Nguyen and Ramirez",Solomon Islands,Diazshire
361,Vargas PLC,Cocos (Keeling) Islands,Lake Stevenborough
362,Salinas-Guerra,Bangladesh,Chambersberg
363,"Turner, King and Moore",Jamaica,Jonesfort
364,"Morales, Hunter and Knapp",Puerto Rico,Stephensstad
365,"Woodard, Herrera and Little",Belize,Port Johnstad
366,Holland Inc,Mongolia,Rasmussenmouth
367,Rodriguez-Garcia,Cyprus,South Neil
368,Barton-Chapman,Macao,West Whitney
369,Garcia-Perry,Belize,Port Sheliaberg
370,Collins-Gibson,Costa Rica,Baileyville
371,Bowen-Chavez,Bangladesh,Bradleyville
372,Sweeney Ltd,Botswana,Lake John
373,Arnold LLC,Monaco,Mullenbury
374,Soto-Lopez,Palestinian Territory,Fosterborough
375,Vargas-Price,Romania,East Joshua
376,"Stokes, Brown and Garcia",Tunisia,West Mark
377,Wilson-Lambert,Liechtenstein,Candicefurt
378,"Wilson, Bell and Ellis",China,Samanthashire
379,Powers LLC,British Indian Ocean Territory (Chagos Archipelago),West Daryl
380,Steele-Dixon,Italy,New Patrick
381,Tucker PLC,Puerto Rico,New Garrett
382,Taylor-Edwards,Korea,Port Michaeltown
383,Taylor-Ochoa,Monaco,Ortizfort
384,Mckinney-Wallace,Chad,New Anthonybury
385,Johnson-Walker,France,Port Stephen
386,"Barton, Simpson and Dixon",Montserrat,West Kimberlystad
387,"Carson, Williams and Ball",Mayotte,South Curtis
388,"Potter, Evans and Kidd",Korea,Michaelland
389,Grimes-Wilson,Sudan,East Lisa
390,"Norris, Callahan and Bishop",Japan,New Donald
391,Li Inc,Montenegro,Amandaside
392,Morris Ltd,French Guiana,Ashleyhaven
393,"Ochoa, Taylor and Brady",Isle of Man,West Michelleberg
394,"Cline, Wright and Dawson",Switzerland,Port Megan
395,Burns-Ray,Ethiopia,Brooksland
396,"Norton, Mack and Powell",San Marino,Heatherstad
397,Clements-Murphy,Afghanistan,Lake Teresastad
398,Flynn Group,Cuba,Summersfort
399,Morris-Campbell,Mexico,New Melissa
400,Shannon-Farmer,Aruba,Lake Kristenmouth
401,Martinez and Sons,Kazakhstan,Smithchester
402,Forbes and Sons,Turkmenistan,Erikview
403,Pena LLC,Belize,Elizabethburgh
404,Sanders LLC,Saint Kitts and Nevis,South Diana
405,"Davis, Lewis and Miller",Nauru,New Erin
406,Smith LLC,Svalbard & Jan Mayen Islands,Port Robertberg
407,Jones-Reyes,Saint Martin,North Lawrenceport
408,Reyes and Sons,Norway,North Alyssa
409,Bishop and Sons,Kazakhstan,Jenniferberg
410,Jensen-Ramos,Cuba,North Donaldville
411,"Blair, Bell and Jordan",Somalia,East Joshua
412,Wright PLC,Netherlands Antilles,Kimberlytown
413,"Liu, Harris and Lawson",Comoros,Phillipston
414,Simpson Inc,Dominican Republic,Littleland
415,"Oneal, Smith and Ward",Ghana,South Michelle
416,"Fisher, Payne and Thompson",Latvia,North Brendatown
417,Lewis-Livingston,Yemen,Hunterhaven
418,Henderson-Morales,Northern Mariana Islands,West Christopher
419,Dixon and Sons,Sri Lanka,New Mark
420,"Walters, Davenport and Becker",Bahrain,Hollybury
421,Sanchez Group,Brazil,Salazarton
422,Wade-Barrett,China,North Jeantown
423,Crawford LLC,Mali,Garyberg
424,"Norman, Adams and Tanner",Sierra Leone,West Lindsayview
425,"Brown, Joseph and Ray",Belarus,Gibsonstad
426,Porter PLC,Chad,Ericville
427,"Craig, Wilson and Yang",Afghanistan,Port Michellebury
428,Ruiz Group,Uruguay,East Sarah
429,Tran Ltd,Saint Vincent and the Grenadines,Walkerbury
430,Moon-Flores,Sweden,New Nathanhaven
431,"Winters, White and Brock",Aruba,Jonesmouth
432,Ayala-Collins,Benin,Smithborough
433,Elliott-Torres,Nigeria,South Micheal
434,Cuevas-Parsons,Saint Martin,East Adam
435,Johnson-Weaver,North Macedonia,West Aaronfurt
436,"Acosta, Garcia and Moreno",Dominica,Vasquezton
437,Dawson Inc,Aruba,Port April
438,"Huang, Ellis and Adkins",Mozambique,New Dennisfurt
439,Vargas Inc,Jordan,East Kelly
440,Howe-Long,Switzerland,Louisview
441,Jones and Sons,Burkina Faso,East Danielmouth
442,Edwards-Martinez,Guinea-Bissau,South Kyle
443,Phelps-Davis,Sri Lanka,Margaretton
444,Huff LLC,Cameroon,Lake Johnstad
445,Palmer-Byrd,Eritrea,North Stephanie
446,Hawkins-Pierce,Bhutan,Garciaberg
447,Smith and Sons,Bulgaria,Port Richard
448,"Mccoy, Newman and Aguilar",Eritrea,North Wendyborough
449,"Ramos, Anderson and Stein",Switzerland,Davidmouth
450,Jackson PLC,Jersey,Crawfordfurt
451,"Simmons, Gomez and Odonnell",Falkland Islands (Malvinas),Seanberg
452,Mendez PLC,Ecuador,Victorside
453,Brown-Ramirez,Burundi,Gonzalezhaven
454,Mccoy PLC,South Africa,South Kimberlystad
455,Stephens-Washington,United States Minor Outlying Islands,Paulburgh
456,Flores and Sons,Antarctica (the territory South of 60 deg S),Brianfort
457,"Howard, Silva and Hall",Cayman Islands,East Dianeview
458,"Velasquez, Stark and Brown",Yemen,New Meghan
459,Kelly-Combs,Tanzania,East Joel
460,Drake-Wolfe,United States Minor Outlying Islands,Lake Jackieshire
461,"Thomas, Vaughan and Copeland",Sudan,Weaverburgh
462,Johnson-Brown,Netherlands,North Alisha
463,Rivera PLC,Cook Islands,West Jennifer
464,Brown-Hernandez,Romania,Port Daniel
465,"Valencia, Yu and Brooks",Western Sahara,Willismouth
466,Morris-Daugherty,Saint Martin,Connerfort
467,"Stewart, Mann and Hoffman",Tuvalu,Jeffreyshire
468,Gray Ltd,Portugal,Davidtown
469,"Fry, Myers and Gamble",Montenegro,East Carriebury
470,"Cunningham, Zuniga and Taylor",Samoa,East Michaelmouth
471,Fields Inc,Swaziland,Seanview
472,Wright Inc,Guernsey,Kristintown
473,Cruz Ltd,Italy,South Trevor
474,Bell-Bennett,Switzerland,Kramershire
475,"Chang, Perez and Hayes",South Georgia and the South Sandwich Islands,West Andrewview
476,Jones and Sons,Tuvalu,Martinland
477,"Mcmahon, Spence and Morgan",Nicaragua,Bushchester
478,"Martin, Preston and Moore",Bolivia,Jamieborough
479,Terry-Bowen,Saint Lucia,Donnaport
480,Davis Group,Montserrat,Hernandezstad
481,Patterson LLC,Swaziland,Gonzaleztown
482,Jackson LLC,Belgium,Anthonyport
483,Ruiz-Jacobson,Estonia,Lake Amyburgh
484,Mcclure-Wood,Kiribati,West Scottview
485,Hood PLC,Bahamas,Port Heather
486,Miller LLC,Sri Lanka,Arellanoshire
487,Spencer Group,Svalbard & Jan Mayen Islands,Sheppardfort
488,"Keith, Alvarez and Miller",United Kingdom,New Ashleyhaven
489,"Byrd, Oliver and Martinez",Saudi Arabia,Thompsonburgh
490,Stokes and Sons,Armenia,Millerchester
491,Osborn Ltd,Cameroon,Luisland
492,Hughes Group,Micronesia,Melissahaven
493,Stark-Smith,Reunion,Rodriguezberg
494,Knight PLC,Senegal,North Annaville
495,Dillon-Beard,Turkey,Bakerfort
496,"Lynch, Johnson and Hill",Cambodia,Williamsmouth
497,"Young, Reese and Mccall",Ukraine,Andrewport
498,Ramirez-Vasquez,Qatar,Port Jeremyport
499,"Ramos, Petersen and Adams",Israel,East Scottchester
500,"Washington, Black and Brooks",Azerbaijan,North Larry
